id,question,score,reason
0,"这是一个计算机模拟的小区及小区居民,居民只有6种地理位置状态:家、路上、工作地、学校、小区商场、小区公共场所,小区居民只有15种动作:睡觉、保持、休息娱乐、吃饭、散步、阅读、运动、工作、学习、购物、回家、去工作地、去学校、去小区商场、去小区公共场所,周一到周五是工作日,上班族都得去工作,工作时间一般在8点到18点之间,学生都得去上学,一般在7点到17点在学校学习,其他时间在工作地或者在学校都是不合理的,自由职业和退休人员一般都呆在家里,有时候去小区公共场所散步或运动,去小区商场买东西,晚上23点到早上6点间在社区活动不合理,模拟小区开始模拟时间是周一早上0点,所有居民都是睡觉状态,居民每天睡觉8小时左右,晚上23点到早上7点之间睡觉都合理,我们想在这个小区中模拟出正常人的行为,需要你对模拟人的状态行为打分,以保证模拟人会越来越接近正常人类,彭平是一名正常32岁的模拟小区居民, 男性,他未婚, 受教育程度是本科, 目前是处于自由职业阶段,今天是2024年2月的一天, 周一工作日, 北京时间0点0分, 他在家里睡觉,在0点5分到0点10分, 他去小区公共场所,现在时间是0点10分,他在小区公共场所散步,请回答他目前行为状态的合理程度,主要考虑时间、地点、行为以及历史行为,100为合理,0为不合理,50为不确定是否合理请结合上述让模拟趋近真实的意图,直接给出0、50、100数值就行,不要说其他任何话,不用说明理由
",,
1,"这是一个计算机模拟的小区及小区居民,居民只有6种地理位置状态:家、路上、工作地、学校、小区商场、小区公共场所,小区居民只有15种动作:睡觉、保持、休息娱乐、吃饭、散步、阅读、运动、工作、学习、购物、回家、去工作地、去学校、去小区商场、去小区公共场所,周一到周五是工作日,上班族都得去工作,工作时间一般在8点到18点之间,学生都得去上学,一般在7点到17点在学校学习,其他时间在工作地或者在学校都是不合理的,自由职业和退休人员一般都呆在家里,有时候去小区公共场所散步或运动,去小区商场买东西,晚上23点到早上6点间在社区活动不合理,模拟小区开始模拟时间是周一早上0点,所有居民都是睡觉状态,居民每天睡觉8小时左右,晚上23点到早上7点之间睡觉都合理,我们想在这个小区中模拟出正常人的行为,需要你对模拟人的状态行为打分,以保证模拟人会越来越接近正常人类,马松是一名正常39岁的模拟小区居民, 男性,他未婚, 受教育程度是大专, 目前是处于自由职业阶段,今天是2024年2月的一天, 周一工作日, 北京时间0点0分, 他在家里睡觉,在0点5分到0点10分, 他去小区公共场所,现在时间是0点10分,他去小区公共场所,请回答他目前行为状态的合理程度,主要考虑时间、地点、行为以及历史行为,100为合理,0为不合理,50为不确定是否合理请结合上述让模拟趋近真实的意图,直接给出0、50、100数值就行,不要说其他任何话,不用说明理由
",,
2,"这是一个计算机模拟的小区及小区居民,居民只有6种地理位置状态:家、路上、工作地、学校、小区商场、小区公共场所,小区居民只有15种动作:睡觉、保持、休息娱乐、吃饭、散步、阅读、运动、工作、学习、购物、回家、去工作地、去学校、去小区商场、去小区公共场所,周一到周五是工作日,上班族都得去工作,工作时间一般在8点到18点之间,学生都得去上学,一般在7点到17点在学校学习,其他时间在工作地或者在学校都是不合理的,自由职业和退休人员一般都呆在家里,有时候去小区公共场所散步或运动,去小区商场买东西,晚上23点到早上6点间在社区活动不合理,模拟小区开始模拟时间是周一早上0点,所有居民都是睡觉状态,居民每天睡觉8小时左右,晚上23点到早上7点之间睡觉都合理,我们想在这个小区中模拟出正常人的行为,需要你对模拟人的状态行为打分,以保证模拟人会越来越接近正常人类,吴志是一名正常49岁的模拟小区居民, 男性,他已婚, 受教育程度是本科, 目前是处于自由职业阶段,今天是2024年2月的一天, 周一工作日, 北京时间0点0分, 他在家里睡觉,在0点5分到0点10分, 他在家里放松,在0点10分到0点15分, 他在家里吃饭,在0点15分到0点30分, 他在到小区公共场所的路上,现在时间是0点30分,他在到家里的路上,请回答他目前行为状态的合理程度,主要考虑时间、地点、行为以及历史行为,100为合理,0为不合理,50为不确定是否合理请结合上述让模拟趋近真实的意图,直接给出0、50、100数值就行,不要说其他任何话,不用说明理由
",,
3,"这是一个计算机模拟的小区及小区居民,居民只有6种地理位置状态:家、路上、工作地、学校、小区商场、小区公共场所,小区居民只有15种动作:睡觉、保持、休息娱乐、吃饭、散步、阅读、运动、工作、学习、购物、回家、去工作地、去学校、去小区商场、去小区公共场所,周一到周五是工作日,上班族都得去工作,工作时间一般在8点到18点之间,学生都得去上学,一般在7点到17点在学校学习,其他时间在工作地或者在学校都是不合理的,自由职业和退休人员一般都呆在家里,有时候去小区公共场所散步或运动,去小区商场买东西,晚上23点到早上6点间在社区活动不合理,模拟小区开始模拟时间是周一早上0点,所有居民都是睡觉状态,居民每天睡觉8小时左右,晚上23点到早上7点之间睡觉都合理,我们想在这个小区中模拟出正常人的行为,需要你对模拟人的状态行为打分,以保证模拟人会越来越接近正常人类,胡慧是一名正常19岁的模拟小区居民, 女性,她未婚, 受教育程度是初中, 目前是处于上班族阶段,今天是2024年2月的一天, 周一工作日, 北京时间0点0分, 她在家里睡觉,在0点10分到0点20分, 她去小区公共场所,现在时间是0点20分,她在小区公共场所散步,请回答她目前行为状态的合理程度,主要考虑时间、地点、行为以及历史行为,100为合理,0为不合理,50为不确定是否合理请结合上述让模拟趋近真实的意图,直接给出0、50、100数值就行,不要说其他任何话,不用说明理由
",,
4,"这是一个计算机模拟的小区及小区居民,居民只有6种地理位置状态:家、路上、工作地、学校、小区商场、小区公共场所,小区居民只有15种动作:睡觉、保持、休息娱乐、吃饭、散步、阅读、运动、工作、学习、购物、回家、去工作地、去学校、去小区商场、去小区公共场所,周一到周五是工作日,上班族都得去工作,工作时间一般在8点到18点之间,学生都得去上学,一般在7点到17点在学校学习,其他时间在工作地或者在学校都是不合理的,自由职业和退休人员一般都呆在家里,有时候去小区公共场所散步或运动,去小区商场买东西,晚上23点到早上6点间在社区活动不合理,模拟小区开始模拟时间是周一早上0点,所有居民都是睡觉状态,居民每天睡觉8小时左右,晚上23点到早上7点之间睡觉都合理,我们想在这个小区中模拟出正常人的行为,需要你对模拟人的状态行为打分,以保证模拟人会越来越接近正常人类,赵涛是一名正常55岁的模拟小区居民, 男性,他已婚, 受教育程度是本科, 目前是处于上班族阶段,今天是2024年2月的一天, 周一工作日, 北京时间0点0分, 他在家里睡觉,在0点5分到0点10分, 他在家里阅读,现在时间是0点10分,他在到工作地的路上,请回答他目前行为状态的合理程度,主要考虑时间、地点、行为以及历史行为,100为合理,0为不合理,50为不确定是否合理请结合上述让模拟趋近真实的意图,直接给出0、50、100数值就行,不要说其他任何话,不用说明理由
",,
5,"这是一个计算机模拟的小区及小区居民,居民只有6种地理位置状态:家、路上、工作地、学校、小区商场、小区公共场所,小区居民只有15种动作:睡觉、保持、休息娱乐、吃饭、散步、阅读、运动、工作、学习、购物、回家、去工作地、去学校、去小区商场、去小区公共场所,周一到周五是工作日,上班族都得去工作,工作时间一般在8点到18点之间,学生都得去上学,一般在7点到17点在学校学习,其他时间在工作地或者在学校都是不合理的,自由职业和退休人员一般都呆在家里,有时候去小区公共场所散步或运动,去小区商场买东西,晚上23点到早上6点间在社区活动不合理,模拟小区开始模拟时间是周一早上0点,所有居民都是睡觉状态,居民每天睡觉8小时左右,晚上23点到早上7点之间睡觉都合理,我们想在这个小区中模拟出正常人的行为,需要你对模拟人的状态行为打分,以保证模拟人会越来越接近正常人类,赵飞晓是一名正常27岁的模拟小区居民, 男性,他未婚, 受教育程度是本科, 目前是处于上班族阶段,今天是2024年2月的一天, 周一工作日, 北京时间0点0分, 他在家里睡觉,在0点10分到0点25分, 他在家里阅读,在0点25分到0点30分, 他去小区公共场所,现在时间是0点30分,他回家,请回答他目前行为状态的合理程度,主要考虑时间、地点、行为以及历史行为,100为合理,0为不合理,50为不确定是否合理请结合上述让模拟趋近真实的意图,直接给出0、50、100数值就行,不要说其他任何话,不用说明理由
",,
6,"这是一个计算机模拟的小区及小区居民,居民只有6种地理位置状态:家、路上、工作地、学校、小区商场、小区公共场所,小区居民只有15种动作:睡觉、保持、休息娱乐、吃饭、散步、阅读、运动、工作、学习、购物、回家、去工作地、去学校、去小区商场、去小区公共场所,周一到周五是工作日,上班族都得去工作,工作时间一般在8点到18点之间,学生都得去上学,一般在7点到17点在学校学习,其他时间在工作地或者在学校都是不合理的,自由职业和退休人员一般都呆在家里,有时候去小区公共场所散步或运动,去小区商场买东西,晚上23点到早上6点间在社区活动不合理,模拟小区开始模拟时间是周一早上0点,所有居民都是睡觉状态,居民每天睡觉8小时左右,晚上23点到早上7点之间睡觉都合理,我们想在这个小区中模拟出正常人的行为,需要你对模拟人的状态行为打分,以保证模拟人会越来越接近正常人类,许萍是一名正常39岁的模拟小区居民, 女性,她未婚, 受教育程度是大专, 目前是处于自由职业阶段,今天是2024年2月的一天, 周一工作日, 北京时间0点0分, 她在家里睡觉,在0点5分到0点10分, 她去小区公共场所,在0点10分到0点15分, 她回家,在0点15分到0点20分, 她去小区公共场所,在0点20分到0点30分, 她在小区公共场所运动,现在时间是0点30分,她在小区公共场所运动,请回答她目前行为状态的合理程度,主要考虑时间、地点、行为以及历史行为,100为合理,0为不合理,50为不确定是否合理请结合上述让模拟趋近真实的意图,直接给出0、50、100数值就行,不要说其他任何话,不用说明理由
",,
7,"这是一个计算机模拟的小区及小区居民,居民只有6种地理位置状态:家、路上、工作地、学校、小区商场、小区公共场所,小区居民只有15种动作:睡觉、保持、休息娱乐、吃饭、散步、阅读、运动、工作、学习、购物、回家、去工作地、去学校、去小区商场、去小区公共场所,周一到周五是工作日,上班族都得去工作,工作时间一般在8点到18点之间,学生都得去上学,一般在7点到17点在学校学习,其他时间在工作地或者在学校都是不合理的,自由职业和退休人员一般都呆在家里,有时候去小区公共场所散步或运动,去小区商场买东西,晚上23点到早上6点间在社区活动不合理,模拟小区开始模拟时间是周一早上0点,所有居民都是睡觉状态,居民每天睡觉8小时左右,晚上23点到早上7点之间睡觉都合理,我们想在这个小区中模拟出正常人的行为,需要你对模拟人的状态行为打分,以保证模拟人会越来越接近正常人类,郑泽是一名正常43岁的模拟小区居民, 男性,他未婚, 受教育程度是本科, 目前是处于上班族阶段,今天是2024年2月的一天, 周一工作日, 北京时间0点0分, 他在家里睡觉,现在时间是0点5分,他在家里睡觉,请回答他目前行为状态的合理程度,主要考虑时间、地点、行为以及历史行为,100为合理,0为不合理,50为不确定是否合理请结合上述让模拟趋近真实的意图,直接给出0、50、100数值就行,不要说其他任何话,不用说明理由
",,
8,"这是一个计算机模拟的小区及小区居民,居民只有6种地理位置状态:家、路上、工作地、学校、小区商场、小区公共场所,小区居民只有15种动作:睡觉、保持、休息娱乐、吃饭、散步、阅读、运动、工作、学习、购物、回家、去工作地、去学校、去小区商场、去小区公共场所,周一到周五是工作日,上班族都得去工作,工作时间一般在8点到18点之间,学生都得去上学,一般在7点到17点在学校学习,其他时间在工作地或者在学校都是不合理的,自由职业和退休人员一般都呆在家里,有时候去小区公共场所散步或运动,去小区商场买东西,晚上23点到早上6点间在社区活动不合理,模拟小区开始模拟时间是周一早上0点,所有居民都是睡觉状态,居民每天睡觉8小时左右,晚上23点到早上7点之间睡觉都合理,我们想在这个小区中模拟出正常人的行为,需要你对模拟人的状态行为打分,以保证模拟人会越来越接近正常人类,胡钊强是一名正常19岁的模拟小区居民, 男性,他未婚, 受教育程度是初中, 目前是处于上班族阶段,今天是2024年2月的一天, 周一工作日, 北京时间0点0分, 他在家里睡觉,在0点5分到0点15分, 他在到工作地的路上,在0点15分到0点25分, 他在到家里的路上,在0点25分到0点30分, 他在家里阅读,现在时间是0点30分,他在家里吃饭,请回答他目前行为状态的合理程度,主要考虑时间、地点、行为以及历史行为,100为合理,0为不合理,50为不确定是否合理请结合上述让模拟趋近真实的意图,直接给出0、50、100数值就行,不要说其他任何话,不用说明理由
",,
9,"这是一个计算机模拟的小区及小区居民,居民只有6种地理位置状态:家、路上、工作地、学校、小区商场、小区公共场所,小区居民只有15种动作:睡觉、保持、休息娱乐、吃饭、散步、阅读、运动、工作、学习、购物、回家、去工作地、去学校、去小区商场、去小区公共场所,周一到周五是工作日,上班族都得去工作,工作时间一般在8点到18点之间,学生都得去上学,一般在7点到17点在学校学习,其他时间在工作地或者在学校都是不合理的,自由职业和退休人员一般都呆在家里,有时候去小区公共场所散步或运动,去小区商场买东西,晚上23点到早上6点间在社区活动不合理,模拟小区开始模拟时间是周一早上0点,所有居民都是睡觉状态,居民每天睡觉8小时左右,晚上23点到早上7点之间睡觉都合理,我们想在这个小区中模拟出正常人的行为,需要你对模拟人的状态行为打分,以保证模拟人会越来越接近正常人类,李平是一名正常49岁的模拟小区居民, 男性,他未婚, 受教育程度是本科, 目前是处于自由职业阶段,今天是2024年2月的一天, 周一工作日, 北京时间0点0分, 他在家里睡觉,现在时间是0点10分,他在家里吃饭,请回答他目前行为状态的合理程度,主要考虑时间、地点、行为以及历史行为,100为合理,0为不合理,50为不确定是否合理请结合上述让模拟趋近真实的意图,直接给出0、50、100数值就行,不要说其他任何话,不用说明理由
",,
10,"这是一个计算机模拟的小区及小区居民,居民只有6种地理位置状态:家、路上、工作地、学校、小区商场、小区公共场所,小区居民只有15种动作:睡觉、保持、休息娱乐、吃饭、散步、阅读、运动、工作、学习、购物、回家、去工作地、去学校、去小区商场、去小区公共场所,周一到周五是工作日,上班族都得去工作,工作时间一般在8点到18点之间,学生都得去上学,一般在7点到17点在学校学习,其他时间在工作地或者在学校都是不合理的,自由职业和退休人员一般都呆在家里,有时候去小区公共场所散步或运动,去小区商场买东西,晚上23点到早上6点间在社区活动不合理,模拟小区开始模拟时间是周一早上0点,所有居民都是睡觉状态,居民每天睡觉8小时左右,晚上23点到早上7点之间睡觉都合理,我们想在这个小区中模拟出正常人的行为,需要你对模拟人的状态行为打分,以保证模拟人会越来越接近正常人类,蒋鹏是一名正常22岁的模拟小区居民, 男性,他已婚, 受教育程度是大专, 目前是处于上班族阶段,今天是2024年2月的一天, 周一工作日, 北京时间0点0分, 他在家里睡觉,在0点5分到0点15分, 他在到小区公共场所的路上,现在时间是0点15分,他去小区公共场所,请回答他目前行为状态的合理程度,主要考虑时间、地点、行为以及历史行为,100为合理,0为不合理,50为不确定是否合理请结合上述让模拟趋近真实的意图,直接给出0、50、100数值就行,不要说其他任何话,不用说明理由
",,
11,"这是一个计算机模拟的小区及小区居民,居民只有6种地理位置状态:家、路上、工作地、学校、小区商场、小区公共场所,小区居民只有15种动作:睡觉、保持、休息娱乐、吃饭、散步、阅读、运动、工作、学习、购物、回家、去工作地、去学校、去小区商场、去小区公共场所,周一到周五是工作日,上班族都得去工作,工作时间一般在8点到18点之间,学生都得去上学,一般在7点到17点在学校学习,其他时间在工作地或者在学校都是不合理的,自由职业和退休人员一般都呆在家里,有时候去小区公共场所散步或运动,去小区商场买东西,晚上23点到早上6点间在社区活动不合理,模拟小区开始模拟时间是周一早上0点,所有居民都是睡觉状态,居民每天睡觉8小时左右,晚上23点到早上7点之间睡觉都合理,我们想在这个小区中模拟出正常人的行为,需要你对模拟人的状态行为打分,以保证模拟人会越来越接近正常人类,魏志是一名正常46岁的模拟小区居民, 男性,他未婚, 受教育程度是初中, 目前是处于上班族阶段,今天是2024年2月的一天, 周一工作日, 北京时间0点0分, 他在家里睡觉,在0点5分到0点10分, 他去工作地,在0点10分到0点15分, 他去小区公共场所,现在时间是0点15分,他在小区公共场所运动,请回答他目前行为状态的合理程度,主要考虑时间、地点、行为以及历史行为,100为合理,0为不合理,50为不确定是否合理请结合上述让模拟趋近真实的意图,直接给出0、50、100数值就行,不要说其他任何话,不用说明理由
",,
12,"这是一个计算机模拟的小区及小区居民,居民只有6种地理位置状态:家、路上、工作地、学校、小区商场、小区公共场所,小区居民只有15种动作:睡觉、保持、休息娱乐、吃饭、散步、阅读、运动、工作、学习、购物、回家、去工作地、去学校、去小区商场、去小区公共场所,周一到周五是工作日,上班族都得去工作,工作时间一般在8点到18点之间,学生都得去上学,一般在7点到17点在学校学习,其他时间在工作地或者在学校都是不合理的,自由职业和退休人员一般都呆在家里,有时候去小区公共场所散步或运动,去小区商场买东西,晚上23点到早上6点间在社区活动不合理,模拟小区开始模拟时间是周一早上0点,所有居民都是睡觉状态,居民每天睡觉8小时左右,晚上23点到早上7点之间睡觉都合理,我们想在这个小区中模拟出正常人的行为,需要你对模拟人的状态行为打分,以保证模拟人会越来越接近正常人类,彭慧敏是一名正常4岁的模拟小区居民, 女性,她未婚, 受教育程度是小学及以下, 目前是处于未成年学生阶段,今天是2024年2月的一天, 周一工作日, 北京时间0点0分, 她在家里睡觉,在0点5分到0点10分, 她在家里吃饭,在0点10分到0点15分, 她在家里睡觉,在0点15分到0点20分, 她在家里阅读,在0点20分到0点30分, 她在到学校的路上,现在时间是0点30分,她在学校学习,请回答她目前行为状态的合理程度,主要考虑时间、地点、行为以及历史行为,100为合理,0为不合理,50为不确定是否合理请结合上述让模拟趋近真实的意图,直接给出0、50、100数值就行,不要说其他任何话,不用说明理由
",,
13,"这是一个计算机模拟的小区及小区居民,居民只有6种地理位置状态:家、路上、工作地、学校、小区商场、小区公共场所,小区居民只有15种动作:睡觉、保持、休息娱乐、吃饭、散步、阅读、运动、工作、学习、购物、回家、去工作地、去学校、去小区商场、去小区公共场所,周一到周五是工作日,上班族都得去工作,工作时间一般在8点到18点之间,学生都得去上学,一般在7点到17点在学校学习,其他时间在工作地或者在学校都是不合理的,自由职业和退休人员一般都呆在家里,有时候去小区公共场所散步或运动,去小区商场买东西,晚上23点到早上6点间在社区活动不合理,模拟小区开始模拟时间是周一早上0点,所有居民都是睡觉状态,居民每天睡觉8小时左右,晚上23点到早上7点之间睡觉都合理,我们想在这个小区中模拟出正常人的行为,需要你对模拟人的状态行为打分,以保证模拟人会越来越接近正常人类,林光是一名正常34岁的模拟小区居民, 男性,他已婚, 受教育程度是初中, 目前是处于上班族阶段,今天是2024年2月的一天, 周一工作日, 北京时间0点0分, 他在家里睡觉,现在时间是0点5分,他去小区公共场所,请回答他目前行为状态的合理程度,主要考虑时间、地点、行为以及历史行为,100为合理,0为不合理,50为不确定是否合理请结合上述让模拟趋近真实的意图,直接给出0、50、100数值就行,不要说其他任何话,不用说明理由
",,
14,"这是一个计算机模拟的小区及小区居民,居民只有6种地理位置状态:家、路上、工作地、学校、小区商场、小区公共场所,小区居民只有15种动作:睡觉、保持、休息娱乐、吃饭、散步、阅读、运动、工作、学习、购物、回家、去工作地、去学校、去小区商场、去小区公共场所,周一到周五是工作日,上班族都得去工作,工作时间一般在8点到18点之间,学生都得去上学,一般在7点到17点在学校学习,其他时间在工作地或者在学校都是不合理的,自由职业和退休人员一般都呆在家里,有时候去小区公共场所散步或运动,去小区商场买东西,晚上23点到早上6点间在社区活动不合理,模拟小区开始模拟时间是周一早上0点,所有居民都是睡觉状态,居民每天睡觉8小时左右,晚上23点到早上7点之间睡觉都合理,我们想在这个小区中模拟出正常人的行为,需要你对模拟人的状态行为打分,以保证模拟人会越来越接近正常人类,高萍是一名正常27岁的模拟小区居民, 女性,她已婚, 受教育程度是本科, 目前是处于自由职业阶段,今天是2024年2月的一天, 周一工作日, 北京时间0点0分, 她在家里睡觉,现在时间是0点5分,她在家里吃饭,请回答她目前行为状态的合理程度,主要考虑时间、地点、行为以及历史行为,100为合理,0为不合理,50为不确定是否合理请结合上述让模拟趋近真实的意图,直接给出0、50、100数值就行,不要说其他任何话,不用说明理由
",,
15,"这是一个计算机模拟的小区及小区居民,居民只有6种地理位置状态:家、路上、工作地、学校、小区商场、小区公共场所,小区居民只有15种动作:睡觉、保持、休息娱乐、吃饭、散步、阅读、运动、工作、学习、购物、回家、去工作地、去学校、去小区商场、去小区公共场所,周一到周五是工作日,上班族都得去工作,工作时间一般在8点到18点之间,学生都得去上学,一般在7点到17点在学校学习,其他时间在工作地或者在学校都是不合理的,自由职业和退休人员一般都呆在家里,有时候去小区公共场所散步或运动,去小区商场买东西,晚上23点到早上6点间在社区活动不合理,模拟小区开始模拟时间是周一早上0点,所有居民都是睡觉状态,居民每天睡觉8小时左右,晚上23点到早上7点之间睡觉都合理,我们想在这个小区中模拟出正常人的行为,需要你对模拟人的状态行为打分,以保证模拟人会越来越接近正常人类,梁琳是一名正常18岁的模拟小区居民, 女性,她未婚, 受教育程度是高中, 目前是处于大学生阶段,今天是2024年2月的一天, 周一工作日, 北京时间0点0分, 她在家里睡觉,在0点5分到0点15分, 她在家里阅读,现在时间是0点15分,她在家里阅读,请回答她目前行为状态的合理程度,主要考虑时间、地点、行为以及历史行为,100为合理,0为不合理,50为不确定是否合理请结合上述让模拟趋近真实的意图,直接给出0、50、100数值就行,不要说其他任何话,不用说明理由
",,
16,"这是一个计算机模拟的小区及小区居民,居民只有6种地理位置状态:家、路上、工作地、学校、小区商场、小区公共场所,小区居民只有15种动作:睡觉、保持、休息娱乐、吃饭、散步、阅读、运动、工作、学习、购物、回家、去工作地、去学校、去小区商场、去小区公共场所,周一到周五是工作日,上班族都得去工作,工作时间一般在8点到18点之间,学生都得去上学,一般在7点到17点在学校学习,其他时间在工作地或者在学校都是不合理的,自由职业和退休人员一般都呆在家里,有时候去小区公共场所散步或运动,去小区商场买东西,晚上23点到早上6点间在社区活动不合理,模拟小区开始模拟时间是周一早上0点,所有居民都是睡觉状态,居民每天睡觉8小时左右,晚上23点到早上7点之间睡觉都合理,我们想在这个小区中模拟出正常人的行为,需要你对模拟人的状态行为打分,以保证模拟人会越来越接近正常人类,余涵健是一名正常36岁的模拟小区居民, 男性,他未婚, 受教育程度是硕士, 目前是处于自由职业阶段,今天是2024年2月的一天, 周一工作日, 北京时间0点0分, 他在家里睡觉,现在时间是0点5分,他在家里吃饭,请回答他目前行为状态的合理程度,主要考虑时间、地点、行为以及历史行为,100为合理,0为不合理,50为不确定是否合理请结合上述让模拟趋近真实的意图,直接给出0、50、100数值就行,不要说其他任何话,不用说明理由
",,
17,"这是一个计算机模拟的小区及小区居民,居民只有6种地理位置状态:家、路上、工作地、学校、小区商场、小区公共场所,小区居民只有15种动作:睡觉、保持、休息娱乐、吃饭、散步、阅读、运动、工作、学习、购物、回家、去工作地、去学校、去小区商场、去小区公共场所,周一到周五是工作日,上班族都得去工作,工作时间一般在8点到18点之间,学生都得去上学,一般在7点到17点在学校学习,其他时间在工作地或者在学校都是不合理的,自由职业和退休人员一般都呆在家里,有时候去小区公共场所散步或运动,去小区商场买东西,晚上23点到早上6点间在社区活动不合理,模拟小区开始模拟时间是周一早上0点,所有居民都是睡觉状态,居民每天睡觉8小时左右,晚上23点到早上7点之间睡觉都合理,我们想在这个小区中模拟出正常人的行为,需要你对模拟人的状态行为打分,以保证模拟人会越来越接近正常人类,李鹏是一名正常23岁的模拟小区居民, 男性,他已婚, 受教育程度是大专, 目前是处于自由职业阶段,今天是2024年2月的一天, 周一工作日, 北京时间0点0分, 他在家里睡觉,在0点5分到0点10分, 他在家里阅读,现在时间是0点10分,他在家里睡觉,请回答他目前行为状态的合理程度,主要考虑时间、地点、行为以及历史行为,100为合理,0为不合理,50为不确定是否合理请结合上述让模拟趋近真实的意图,直接给出0、50、100数值就行,不要说其他任何话,不用说明理由
",,
18,"这是一个计算机模拟的小区及小区居民,居民只有6种地理位置状态:家、路上、工作地、学校、小区商场、小区公共场所,小区居民只有15种动作:睡觉、保持、休息娱乐、吃饭、散步、阅读、运动、工作、学习、购物、回家、去工作地、去学校、去小区商场、去小区公共场所,周一到周五是工作日,上班族都得去工作,工作时间一般在8点到18点之间,学生都得去上学,一般在7点到17点在学校学习,其他时间在工作地或者在学校都是不合理的,自由职业和退休人员一般都呆在家里,有时候去小区公共场所散步或运动,去小区商场买东西,晚上23点到早上6点间在社区活动不合理,模拟小区开始模拟时间是周一早上0点,所有居民都是睡觉状态,居民每天睡觉8小时左右,晚上23点到早上7点之间睡觉都合理,我们想在这个小区中模拟出正常人的行为,需要你对模拟人的状态行为打分,以保证模拟人会越来越接近正常人类,赵政是一名正常27岁的模拟小区居民, 男性,他已婚, 受教育程度是本科, 目前是处于自由职业阶段,今天是2024年2月的一天, 周一工作日, 北京时间0点0分, 他在家里睡觉,现在时间是0点5分,他在家里阅读,请回答他目前行为状态的合理程度,主要考虑时间、地点、行为以及历史行为,100为合理,0为不合理,50为不确定是否合理请结合上述让模拟趋近真实的意图,直接给出0、50、100数值就行,不要说其他任何话,不用说明理由
",,
19,"这是一个计算机模拟的小区及小区居民,居民只有6种地理位置状态:家、路上、工作地、学校、小区商场、小区公共场所,小区居民只有15种动作:睡觉、保持、休息娱乐、吃饭、散步、阅读、运动、工作、学习、购物、回家、去工作地、去学校、去小区商场、去小区公共场所,周一到周五是工作日,上班族都得去工作,工作时间一般在8点到18点之间,学生都得去上学,一般在7点到17点在学校学习,其他时间在工作地或者在学校都是不合理的,自由职业和退休人员一般都呆在家里,有时候去小区公共场所散步或运动,去小区商场买东西,晚上23点到早上6点间在社区活动不合理,模拟小区开始模拟时间是周一早上0点,所有居民都是睡觉状态,居民每天睡觉8小时左右,晚上23点到早上7点之间睡觉都合理,我们想在这个小区中模拟出正常人的行为,需要你对模拟人的状态行为打分,以保证模拟人会越来越接近正常人类,苏青是一名正常29岁的模拟小区居民, 女性,她未婚, 受教育程度是本科, 目前是处于上班族阶段,今天是2024年2月的一天, 周一工作日, 北京时间0点0分, 她在家里睡觉,现在时间是0点15分,她在家里吃饭,请回答她目前行为状态的合理程度,主要考虑时间、地点、行为以及历史行为,100为合理,0为不合理,50为不确定是否合理请结合上述让模拟趋近真实的意图,直接给出0、50、100数值就行,不要说其他任何话,不用说明理由
",,
20,"这是一个计算机模拟的小区及小区居民,居民只有6种地理位置状态:家、路上、工作地、学校、小区商场、小区公共场所,小区居民只有15种动作:睡觉、保持、休息娱乐、吃饭、散步、阅读、运动、工作、学习、购物、回家、去工作地、去学校、去小区商场、去小区公共场所,周一到周五是工作日,上班族都得去工作,工作时间一般在8点到18点之间,学生都得去上学,一般在7点到17点在学校学习,其他时间在工作地或者在学校都是不合理的,自由职业和退休人员一般都呆在家里,有时候去小区公共场所散步或运动,去小区商场买东西,晚上23点到早上6点间在社区活动不合理,模拟小区开始模拟时间是周一早上0点,所有居民都是睡觉状态,居民每天睡觉8小时左右,晚上23点到早上7点之间睡觉都合理,我们想在这个小区中模拟出正常人的行为,需要你对模拟人的状态行为打分,以保证模拟人会越来越接近正常人类,王霞是一名正常18岁的模拟小区居民, 女性,她未婚, 受教育程度是高中, 目前是处于上班族阶段,今天是2024年2月的一天, 周一工作日, 北京时间0点0分, 她在家里睡觉,在0点5分到0点10分, 她去工作地,在0点10分到0点15分, 她去小区公共场所,在0点15分到0点20分, 她在小区公共场所运动,现在时间是0点20分,她在小区公共场所运动,请回答她目前行为状态的合理程度,主要考虑时间、地点、行为以及历史行为,100为合理,0为不合理,50为不确定是否合理请结合上述让模拟趋近真实的意图,直接给出0、50、100数值就行,不要说其他任何话,不用说明理由
",,
21,"这是一个计算机模拟的小区及小区居民,居民只有6种地理位置状态:家、路上、工作地、学校、小区商场、小区公共场所,小区居民只有15种动作:睡觉、保持、休息娱乐、吃饭、散步、阅读、运动、工作、学习、购物、回家、去工作地、去学校、去小区商场、去小区公共场所,周一到周五是工作日,上班族都得去工作,工作时间一般在8点到18点之间,学生都得去上学,一般在7点到17点在学校学习,其他时间在工作地或者在学校都是不合理的,自由职业和退休人员一般都呆在家里,有时候去小区公共场所散步或运动,去小区商场买东西,晚上23点到早上6点间在社区活动不合理,模拟小区开始模拟时间是周一早上0点,所有居民都是睡觉状态,居民每天睡觉8小时左右,晚上23点到早上7点之间睡觉都合理,我们想在这个小区中模拟出正常人的行为,需要你对模拟人的状态行为打分,以保证模拟人会越来越接近正常人类,苏燕是一名正常20岁的模拟小区居民, 女性,她已婚, 受教育程度是高中, 目前是处于上班族阶段,今天是2024年2月的一天, 周一工作日, 北京时间0点0分, 她在家里睡觉,在0点5分到0点15分, 她在家里放松,在0点15分到0点20分, 她在家里吃饭,在0点20分到0点30分, 她在到小区公共场所的路上,现在时间是0点30分,她去小区公共场所,请回答她目前行为状态的合理程度,主要考虑时间、地点、行为以及历史行为,100为合理,0为不合理,50为不确定是否合理请结合上述让模拟趋近真实的意图,直接给出0、50、100数值就行,不要说其他任何话,不用说明理由
",,
22,"这是一个计算机模拟的小区及小区居民,居民只有6种地理位置状态:家、路上、工作地、学校、小区商场、小区公共场所,小区居民只有15种动作:睡觉、保持、休息娱乐、吃饭、散步、阅读、运动、工作、学习、购物、回家、去工作地、去学校、去小区商场、去小区公共场所,周一到周五是工作日,上班族都得去工作,工作时间一般在8点到18点之间,学生都得去上学,一般在7点到17点在学校学习,其他时间在工作地或者在学校都是不合理的,自由职业和退休人员一般都呆在家里,有时候去小区公共场所散步或运动,去小区商场买东西,晚上23点到早上6点间在社区活动不合理,模拟小区开始模拟时间是周一早上0点,所有居民都是睡觉状态,居民每天睡觉8小时左右,晚上23点到早上7点之间睡觉都合理,我们想在这个小区中模拟出正常人的行为,需要你对模拟人的状态行为打分,以保证模拟人会越来越接近正常人类,陈娟青是一名正常42岁的模拟小区居民, 女性,她未婚, 受教育程度是本科, 目前是处于上班族阶段,今天是2024年2月的一天, 周一工作日, 北京时间0点0分, 她在家里睡觉,在0点15分到0点20分, 她在家里放松,在0点20分到0点25分, 她在到工作地的路上,现在时间是0点25分,她去工作地,请回答她目前行为状态的合理程度,主要考虑时间、地点、行为以及历史行为,100为合理,0为不合理,50为不确定是否合理请结合上述让模拟趋近真实的意图,直接给出0、50、100数值就行,不要说其他任何话,不用说明理由
",,
23,"这是一个计算机模拟的小区及小区居民,居民只有6种地理位置状态:家、路上、工作地、学校、小区商场、小区公共场所,小区居民只有15种动作:睡觉、保持、休息娱乐、吃饭、散步、阅读、运动、工作、学习、购物、回家、去工作地、去学校、去小区商场、去小区公共场所,周一到周五是工作日,上班族都得去工作,工作时间一般在8点到18点之间,学生都得去上学,一般在7点到17点在学校学习,其他时间在工作地或者在学校都是不合理的,自由职业和退休人员一般都呆在家里,有时候去小区公共场所散步或运动,去小区商场买东西,晚上23点到早上6点间在社区活动不合理,模拟小区开始模拟时间是周一早上0点,所有居民都是睡觉状态,居民每天睡觉8小时左右,晚上23点到早上7点之间睡觉都合理,我们想在这个小区中模拟出正常人的行为,需要你对模拟人的状态行为打分,以保证模拟人会越来越接近正常人类,程茹是一名正常27岁的模拟小区居民, 女性,她已婚, 受教育程度是本科, 目前是处于上班族阶段,今天是2024年2月的一天, 周一工作日, 北京时间0点0分, 她在家里睡觉,在0点5分到0点10分, 她在家里放松,在0点10分到0点20分, 她在家里吃饭,在0点20分到0点30分, 她在家里放松,现在时间是0点30分,她在家里吃饭,请回答她目前行为状态的合理程度,主要考虑时间、地点、行为以及历史行为,100为合理,0为不合理,50为不确定是否合理请结合上述让模拟趋近真实的意图,直接给出0、50、100数值就行,不要说其他任何话,不用说明理由
",,
24,"这是一个计算机模拟的小区及小区居民,居民只有6种地理位置状态:家、路上、工作地、学校、小区商场、小区公共场所,小区居民只有15种动作:睡觉、保持、休息娱乐、吃饭、散步、阅读、运动、工作、学习、购物、回家、去工作地、去学校、去小区商场、去小区公共场所,周一到周五是工作日,上班族都得去工作,工作时间一般在8点到18点之间,学生都得去上学,一般在7点到17点在学校学习,其他时间在工作地或者在学校都是不合理的,自由职业和退休人员一般都呆在家里,有时候去小区公共场所散步或运动,去小区商场买东西,晚上23点到早上6点间在社区活动不合理,模拟小区开始模拟时间是周一早上0点,所有居民都是睡觉状态,居民每天睡觉8小时左右,晚上23点到早上7点之间睡觉都合理,我们想在这个小区中模拟出正常人的行为,需要你对模拟人的状态行为打分,以保证模拟人会越来越接近正常人类,蒋鹏是一名正常22岁的模拟小区居民, 男性,他已婚, 受教育程度是大专, 目前是处于上班族阶段,今天是2024年2月的一天, 周一工作日, 北京时间0点0分, 他在家里睡觉,在0点5分到0点20分, 他在到小区公共场所的路上,现在时间是0点20分,他在小区公共场所散步,请回答他目前行为状态的合理程度,主要考虑时间、地点、行为以及历史行为,100为合理,0为不合理,50为不确定是否合理请结合上述让模拟趋近真实的意图,直接给出0、50、100数值就行,不要说其他任何话,不用说明理由
",,
25,"这是一个计算机模拟的小区及小区居民,居民只有6种地理位置状态:家、路上、工作地、学校、小区商场、小区公共场所,小区居民只有15种动作:睡觉、保持、休息娱乐、吃饭、散步、阅读、运动、工作、学习、购物、回家、去工作地、去学校、去小区商场、去小区公共场所,周一到周五是工作日,上班族都得去工作,工作时间一般在8点到18点之间,学生都得去上学,一般在7点到17点在学校学习,其他时间在工作地或者在学校都是不合理的,自由职业和退休人员一般都呆在家里,有时候去小区公共场所散步或运动,去小区商场买东西,晚上23点到早上6点间在社区活动不合理,模拟小区开始模拟时间是周一早上0点,所有居民都是睡觉状态,居民每天睡觉8小时左右,晚上23点到早上7点之间睡觉都合理,我们想在这个小区中模拟出正常人的行为,需要你对模拟人的状态行为打分,以保证模拟人会越来越接近正常人类,马勇是一名正常29岁的模拟小区居民, 男性,他未婚, 受教育程度是本科, 目前是处于自由职业阶段,今天是2024年2月的一天, 周一工作日, 北京时间0点0分, 他在家里睡觉,在0点5分到0点15分, 他去小区公共场所,在0点15分到0点20分, 他在小区公共场所散步,在0点20分到0点25分, 他去小区商场,在0点25分到0点30分, 他去小区公共场所,现在时间是0点30分,他去小区商场,请回答他目前行为状态的合理程度,主要考虑时间、地点、行为以及历史行为,100为合理,0为不合理,50为不确定是否合理请结合上述让模拟趋近真实的意图,直接给出0、50、100数值就行,不要说其他任何话,不用说明理由
",,
26,"这是一个计算机模拟的小区及小区居民,居民只有6种地理位置状态:家、路上、工作地、学校、小区商场、小区公共场所,小区居民只有15种动作:睡觉、保持、休息娱乐、吃饭、散步、阅读、运动、工作、学习、购物、回家、去工作地、去学校、去小区商场、去小区公共场所,周一到周五是工作日,上班族都得去工作,工作时间一般在8点到18点之间,学生都得去上学,一般在7点到17点在学校学习,其他时间在工作地或者在学校都是不合理的,自由职业和退休人员一般都呆在家里,有时候去小区公共场所散步或运动,去小区商场买东西,晚上23点到早上6点间在社区活动不合理,模拟小区开始模拟时间是周一早上0点,所有居民都是睡觉状态,居民每天睡觉8小时左右,晚上23点到早上7点之间睡觉都合理,我们想在这个小区中模拟出正常人的行为,需要你对模拟人的状态行为打分,以保证模拟人会越来越接近正常人类,陈娟青是一名正常42岁的模拟小区居民, 女性,她未婚, 受教育程度是本科, 目前是处于上班族阶段,今天是2024年2月的一天, 周一工作日, 北京时间0点0分, 她在家里睡觉,现在时间是0点5分,她在家里睡觉,请回答她目前行为状态的合理程度,主要考虑时间、地点、行为以及历史行为,100为合理,0为不合理,50为不确定是否合理请结合上述让模拟趋近真实的意图,直接给出0、50、100数值就行,不要说其他任何话,不用说明理由
",,
27,"这是一个计算机模拟的小区及小区居民,居民只有6种地理位置状态:家、路上、工作地、学校、小区商场、小区公共场所,小区居民只有15种动作:睡觉、保持、休息娱乐、吃饭、散步、阅读、运动、工作、学习、购物、回家、去工作地、去学校、去小区商场、去小区公共场所,周一到周五是工作日,上班族都得去工作,工作时间一般在8点到18点之间,学生都得去上学,一般在7点到17点在学校学习,其他时间在工作地或者在学校都是不合理的,自由职业和退休人员一般都呆在家里,有时候去小区公共场所散步或运动,去小区商场买东西,晚上23点到早上6点间在社区活动不合理,模拟小区开始模拟时间是周一早上0点,所有居民都是睡觉状态,居民每天睡觉8小时左右,晚上23点到早上7点之间睡觉都合理,我们想在这个小区中模拟出正常人的行为,需要你对模拟人的状态行为打分,以保证模拟人会越来越接近正常人类,蔡博是一名正常33岁的模拟小区居民, 男性,他已婚, 受教育程度是本科, 目前是处于上班族阶段,今天是2024年2月的一天, 周一工作日, 北京时间0点0分, 他在家里睡觉,在0点5分到0点25分, 他在家里阅读,在0点25分到0点30分, 他在到工作地的路上,现在时间是0点30分,他去工作地,请回答他目前行为状态的合理程度,主要考虑时间、地点、行为以及历史行为,100为合理,0为不合理,50为不确定是否合理请结合上述让模拟趋近真实的意图,直接给出0、50、100数值就行,不要说其他任何话,不用说明理由
",,
28,"这是一个计算机模拟的小区及小区居民,居民只有6种地理位置状态:家、路上、工作地、学校、小区商场、小区公共场所,小区居民只有15种动作:睡觉、保持、休息娱乐、吃饭、散步、阅读、运动、工作、学习、购物、回家、去工作地、去学校、去小区商场、去小区公共场所,周一到周五是工作日,上班族都得去工作,工作时间一般在8点到18点之间,学生都得去上学,一般在7点到17点在学校学习,其他时间在工作地或者在学校都是不合理的,自由职业和退休人员一般都呆在家里,有时候去小区公共场所散步或运动,去小区商场买东西,晚上23点到早上6点间在社区活动不合理,模拟小区开始模拟时间是周一早上0点,所有居民都是睡觉状态,居民每天睡觉8小时左右,晚上23点到早上7点之间睡觉都合理,我们想在这个小区中模拟出正常人的行为,需要你对模拟人的状态行为打分,以保证模拟人会越来越接近正常人类,宋涛宗是一名正常29岁的模拟小区居民, 男性,他已婚, 受教育程度是本科, 目前是处于上班族阶段,今天是2024年2月的一天, 周一工作日, 北京时间0点0分, 他在家里睡觉,在0点5分到0点10分, 他在家里吃饭,在0点10分到0点15分, 他在家里睡觉,在0点15分到0点25分, 他在家里吃饭,现在时间是0点25分,他去工作地,请回答他目前行为状态的合理程度,主要考虑时间、地点、行为以及历史行为,100为合理,0为不合理,50为不确定是否合理请结合上述让模拟趋近真实的意图,直接给出0、50、100数值就行,不要说其他任何话,不用说明理由
",,
29,"这是一个计算机模拟的小区及小区居民,居民只有6种地理位置状态:家、路上、工作地、学校、小区商场、小区公共场所,小区居民只有15种动作:睡觉、保持、休息娱乐、吃饭、散步、阅读、运动、工作、学习、购物、回家、去工作地、去学校、去小区商场、去小区公共场所,周一到周五是工作日,上班族都得去工作,工作时间一般在8点到18点之间,学生都得去上学,一般在7点到17点在学校学习,其他时间在工作地或者在学校都是不合理的,自由职业和退休人员一般都呆在家里,有时候去小区公共场所散步或运动,去小区商场买东西,晚上23点到早上6点间在社区活动不合理,模拟小区开始模拟时间是周一早上0点,所有居民都是睡觉状态,居民每天睡觉8小时左右,晚上23点到早上7点之间睡觉都合理,我们想在这个小区中模拟出正常人的行为,需要你对模拟人的状态行为打分,以保证模拟人会越来越接近正常人类,宋超是一名正常25岁的模拟小区居民, 男性,他已婚, 受教育程度是本科, 目前是处于上班族阶段,今天是2024年2月的一天, 周一工作日, 北京时间0点0分, 他在家里睡觉,在0点10分到0点15分, 他在家里阅读,在0点15分到0点30分, 他在到工作地的路上,现在时间是0点30分,他去小区公共场所,请回答他目前行为状态的合理程度,主要考虑时间、地点、行为以及历史行为,100为合理,0为不合理,50为不确定是否合理请结合上述让模拟趋近真实的意图,直接给出0、50、100数值就行,不要说其他任何话,不用说明理由
",,
30,"这是一个计算机模拟的小区及小区居民,居民只有6种地理位置状态:家、路上、工作地、学校、小区商场、小区公共场所,小区居民只有15种动作:睡觉、保持、休息娱乐、吃饭、散步、阅读、运动、工作、学习、购物、回家、去工作地、去学校、去小区商场、去小区公共场所,周一到周五是工作日,上班族都得去工作,工作时间一般在8点到18点之间,学生都得去上学,一般在7点到17点在学校学习,其他时间在工作地或者在学校都是不合理的,自由职业和退休人员一般都呆在家里,有时候去小区公共场所散步或运动,去小区商场买东西,晚上23点到早上6点间在社区活动不合理,模拟小区开始模拟时间是周一早上0点,所有居民都是睡觉状态,居民每天睡觉8小时左右,晚上23点到早上7点之间睡觉都合理,我们想在这个小区中模拟出正常人的行为,需要你对模拟人的状态行为打分,以保证模拟人会越来越接近正常人类,肖婷梦是一名正常48岁的模拟小区居民, 女性,她未婚, 受教育程度是本科, 目前是处于上班族阶段,今天是2024年2月的一天, 周一工作日, 北京时间0点0分, 她在家里睡觉,在0点5分到0点15分, 她在家里阅读,现在时间是0点15分,她在家里放松,请回答她目前行为状态的合理程度,主要考虑时间、地点、行为以及历史行为,100为合理,0为不合理,50为不确定是否合理请结合上述让模拟趋近真实的意图,直接给出0、50、100数值就行,不要说其他任何话,不用说明理由
",,
31,"这是一个计算机模拟的小区及小区居民,居民只有6种地理位置状态:家、路上、工作地、学校、小区商场、小区公共场所,小区居民只有15种动作:睡觉、保持、休息娱乐、吃饭、散步、阅读、运动、工作、学习、购物、回家、去工作地、去学校、去小区商场、去小区公共场所,周一到周五是工作日,上班族都得去工作,工作时间一般在8点到18点之间,学生都得去上学,一般在7点到17点在学校学习,其他时间在工作地或者在学校都是不合理的,自由职业和退休人员一般都呆在家里,有时候去小区公共场所散步或运动,去小区商场买东西,晚上23点到早上6点间在社区活动不合理,模拟小区开始模拟时间是周一早上0点,所有居民都是睡觉状态,居民每天睡觉8小时左右,晚上23点到早上7点之间睡觉都合理,我们想在这个小区中模拟出正常人的行为,需要你对模拟人的状态行为打分,以保证模拟人会越来越接近正常人类,邓强飞是一名正常37岁的模拟小区居民, 男性,他未婚, 受教育程度是本科, 目前是处于上班族阶段,今天是2024年2月的一天, 周一工作日, 北京时间0点0分, 他在家里睡觉,在0点5分到0点10分, 他在家里吃饭,现在时间是0点10分,他在到小区公共场所的路上,请回答他目前行为状态的合理程度,主要考虑时间、地点、行为以及历史行为,100为合理,0为不合理,50为不确定是否合理请结合上述让模拟趋近真实的意图,直接给出0、50、100数值就行,不要说其他任何话,不用说明理由
",,
32,"这是一个计算机模拟的小区及小区居民,居民只有6种地理位置状态:家、路上、工作地、学校、小区商场、小区公共场所,小区居民只有15种动作:睡觉、保持、休息娱乐、吃饭、散步、阅读、运动、工作、学习、购物、回家、去工作地、去学校、去小区商场、去小区公共场所,周一到周五是工作日,上班族都得去工作,工作时间一般在8点到18点之间,学生都得去上学,一般在7点到17点在学校学习,其他时间在工作地或者在学校都是不合理的,自由职业和退休人员一般都呆在家里,有时候去小区公共场所散步或运动,去小区商场买东西,晚上23点到早上6点间在社区活动不合理,模拟小区开始模拟时间是周一早上0点,所有居民都是睡觉状态,居民每天睡觉8小时左右,晚上23点到早上7点之间睡觉都合理,我们想在这个小区中模拟出正常人的行为,需要你对模拟人的状态行为打分,以保证模拟人会越来越接近正常人类,董彦柏是一名正常36岁的模拟小区居民, 男性,他未婚, 受教育程度是硕士, 目前是处于上班族阶段,今天是2024年2月的一天, 周一工作日, 北京时间0点0分, 他在家里睡觉,在0点5分到0点10分, 他在家里吃饭,在0点10分到0点15分, 他去小区公共场所,现在时间是0点15分,他在小区公共场所散步,请回答他目前行为状态的合理程度,主要考虑时间、地点、行为以及历史行为,100为合理,0为不合理,50为不确定是否合理请结合上述让模拟趋近真实的意图,直接给出0、50、100数值就行,不要说其他任何话,不用说明理由
",,
33,"这是一个计算机模拟的小区及小区居民,居民只有6种地理位置状态:家、路上、工作地、学校、小区商场、小区公共场所,小区居民只有15种动作:睡觉、保持、休息娱乐、吃饭、散步、阅读、运动、工作、学习、购物、回家、去工作地、去学校、去小区商场、去小区公共场所,周一到周五是工作日,上班族都得去工作,工作时间一般在8点到18点之间,学生都得去上学,一般在7点到17点在学校学习,其他时间在工作地或者在学校都是不合理的,自由职业和退休人员一般都呆在家里,有时候去小区公共场所散步或运动,去小区商场买东西,晚上23点到早上6点间在社区活动不合理,模拟小区开始模拟时间是周一早上0点,所有居民都是睡觉状态,居民每天睡觉8小时左右,晚上23点到早上7点之间睡觉都合理,我们想在这个小区中模拟出正常人的行为,需要你对模拟人的状态行为打分,以保证模拟人会越来越接近正常人类,沈武平是一名正常32岁的模拟小区居民, 男性,他未婚, 受教育程度是本科, 目前是处于上班族阶段,今天是2024年2月的一天, 周一工作日, 北京时间0点0分, 他在家里睡觉,在0点5分到0点10分, 他去小区公共场所,现在时间是0点10分,他在小区公共场所散步,请回答他目前行为状态的合理程度,主要考虑时间、地点、行为以及历史行为,100为合理,0为不合理,50为不确定是否合理请结合上述让模拟趋近真实的意图,直接给出0、50、100数值就行,不要说其他任何话,不用说明理由
",,
34,"这是一个计算机模拟的小区及小区居民,居民只有6种地理位置状态:家、路上、工作地、学校、小区商场、小区公共场所,小区居民只有15种动作:睡觉、保持、休息娱乐、吃饭、散步、阅读、运动、工作、学习、购物、回家、去工作地、去学校、去小区商场、去小区公共场所,周一到周五是工作日,上班族都得去工作,工作时间一般在8点到18点之间,学生都得去上学,一般在7点到17点在学校学习,其他时间在工作地或者在学校都是不合理的,自由职业和退休人员一般都呆在家里,有时候去小区公共场所散步或运动,去小区商场买东西,晚上23点到早上6点间在社区活动不合理,模拟小区开始模拟时间是周一早上0点,所有居民都是睡觉状态,居民每天睡觉8小时左右,晚上23点到早上7点之间睡觉都合理,我们想在这个小区中模拟出正常人的行为,需要你对模拟人的状态行为打分,以保证模拟人会越来越接近正常人类,叶洋是一名正常25岁的模拟小区居民, 女性,她未婚, 受教育程度是本科, 目前是处于自由职业阶段,今天是2024年2月的一天, 周一工作日, 北京时间0点0分, 她在家里睡觉,在0点5分到0点10分, 她在家里吃饭,在0点10分到0点15分, 她在家里阅读,现在时间是0点15分,她去小区商场,请回答她目前行为状态的合理程度,主要考虑时间、地点、行为以及历史行为,100为合理,0为不合理,50为不确定是否合理请结合上述让模拟趋近真实的意图,直接给出0、50、100数值就行,不要说其他任何话,不用说明理由
",,
35,"这是一个计算机模拟的小区及小区居民,居民只有6种地理位置状态:家、路上、工作地、学校、小区商场、小区公共场所,小区居民只有15种动作:睡觉、保持、休息娱乐、吃饭、散步、阅读、运动、工作、学习、购物、回家、去工作地、去学校、去小区商场、去小区公共场所,周一到周五是工作日,上班族都得去工作,工作时间一般在8点到18点之间,学生都得去上学,一般在7点到17点在学校学习,其他时间在工作地或者在学校都是不合理的,自由职业和退休人员一般都呆在家里,有时候去小区公共场所散步或运动,去小区商场买东西,晚上23点到早上6点间在社区活动不合理,模拟小区开始模拟时间是周一早上0点,所有居民都是睡觉状态,居民每天睡觉8小时左右,晚上23点到早上7点之间睡觉都合理,我们想在这个小区中模拟出正常人的行为,需要你对模拟人的状态行为打分,以保证模拟人会越来越接近正常人类,杜磊天是一名正常36岁的模拟小区居民, 男性,他未婚, 受教育程度是本科, 目前是处于上班族阶段,今天是2024年2月的一天, 周一工作日, 北京时间0点0分, 他在家里睡觉,在0点10分到0点20分, 他在家里阅读,在0点20分到0点25分, 他在家里睡觉,在0点25分到0点30分, 他在家里阅读,现在时间是0点30分,他在家里阅读,请回答他目前行为状态的合理程度,主要考虑时间、地点、行为以及历史行为,100为合理,0为不合理,50为不确定是否合理请结合上述让模拟趋近真实的意图,直接给出0、50、100数值就行,不要说其他任何话,不用说明理由
",,
36,"这是一个计算机模拟的小区及小区居民,居民只有6种地理位置状态:家、路上、工作地、学校、小区商场、小区公共场所,小区居民只有15种动作:睡觉、保持、休息娱乐、吃饭、散步、阅读、运动、工作、学习、购物、回家、去工作地、去学校、去小区商场、去小区公共场所,周一到周五是工作日,上班族都得去工作,工作时间一般在8点到18点之间,学生都得去上学,一般在7点到17点在学校学习,其他时间在工作地或者在学校都是不合理的,自由职业和退休人员一般都呆在家里,有时候去小区公共场所散步或运动,去小区商场买东西,晚上23点到早上6点间在社区活动不合理,模拟小区开始模拟时间是周一早上0点,所有居民都是睡觉状态,居民每天睡觉8小时左右,晚上23点到早上7点之间睡觉都合理,我们想在这个小区中模拟出正常人的行为,需要你对模拟人的状态行为打分,以保证模拟人会越来越接近正常人类,曹刚是一名正常36岁的模拟小区居民, 男性,他未婚, 受教育程度是本科, 目前是处于上班族阶段,今天是2024年2月的一天, 周一工作日, 北京时间0点0分, 他在家里睡觉,在0点5分到0点10分, 他在家里吃饭,在0点10分到0点15分, 他在家里放松,现在时间是0点15分,他在家里放松,请回答他目前行为状态的合理程度,主要考虑时间、地点、行为以及历史行为,100为合理,0为不合理,50为不确定是否合理请结合上述让模拟趋近真实的意图,直接给出0、50、100数值就行,不要说其他任何话,不用说明理由
",,
37,"这是一个计算机模拟的小区及小区居民,居民只有6种地理位置状态:家、路上、工作地、学校、小区商场、小区公共场所,小区居民只有15种动作:睡觉、保持、休息娱乐、吃饭、散步、阅读、运动、工作、学习、购物、回家、去工作地、去学校、去小区商场、去小区公共场所,周一到周五是工作日,上班族都得去工作,工作时间一般在8点到18点之间,学生都得去上学,一般在7点到17点在学校学习,其他时间在工作地或者在学校都是不合理的,自由职业和退休人员一般都呆在家里,有时候去小区公共场所散步或运动,去小区商场买东西,晚上23点到早上6点间在社区活动不合理,模拟小区开始模拟时间是周一早上0点,所有居民都是睡觉状态,居民每天睡觉8小时左右,晚上23点到早上7点之间睡觉都合理,我们想在这个小区中模拟出正常人的行为,需要你对模拟人的状态行为打分,以保证模拟人会越来越接近正常人类,于琳敏是一名正常25岁的模拟小区居民, 女性,她已婚, 受教育程度是本科, 目前是处于自由职业阶段,今天是2024年2月的一天, 周一工作日, 北京时间0点0分, 她在家里睡觉,在0点5分到0点10分, 她在家里阅读,在0点10分到0点20分, 她在家里放松,在0点20分到0点25分, 她在家里睡觉,在0点25分到0点30分, 她去小区商场,现在时间是0点30分,她去小区公共场所,请回答她目前行为状态的合理程度,主要考虑时间、地点、行为以及历史行为,100为合理,0为不合理,50为不确定是否合理请结合上述让模拟趋近真实的意图,直接给出0、50、100数值就行,不要说其他任何话,不用说明理由
",,
38,"这是一个计算机模拟的小区及小区居民,居民只有6种地理位置状态:家、路上、工作地、学校、小区商场、小区公共场所,小区居民只有15种动作:睡觉、保持、休息娱乐、吃饭、散步、阅读、运动、工作、学习、购物、回家、去工作地、去学校、去小区商场、去小区公共场所,周一到周五是工作日,上班族都得去工作,工作时间一般在8点到18点之间,学生都得去上学,一般在7点到17点在学校学习,其他时间在工作地或者在学校都是不合理的,自由职业和退休人员一般都呆在家里,有时候去小区公共场所散步或运动,去小区商场买东西,晚上23点到早上6点间在社区活动不合理,模拟小区开始模拟时间是周一早上0点,所有居民都是睡觉状态,居民每天睡觉8小时左右,晚上23点到早上7点之间睡觉都合理,我们想在这个小区中模拟出正常人的行为,需要你对模拟人的状态行为打分,以保证模拟人会越来越接近正常人类,郑博是一名正常33岁的模拟小区居民, 男性,他已婚, 受教育程度是本科, 目前是处于上班族阶段,今天是2024年2月的一天, 周一工作日, 北京时间0点0分, 他在家里睡觉,在0点5分到0点15分, 他去小区公共场所,在0点15分到0点30分, 他在小区公共场所散步,现在时间是0点30分,他在小区公共场所散步,请回答他目前行为状态的合理程度,主要考虑时间、地点、行为以及历史行为,100为合理,0为不合理,50为不确定是否合理请结合上述让模拟趋近真实的意图,直接给出0、50、100数值就行,不要说其他任何话,不用说明理由
",,
39,"这是一个计算机模拟的小区及小区居民,居民只有6种地理位置状态:家、路上、工作地、学校、小区商场、小区公共场所,小区居民只有15种动作:睡觉、保持、休息娱乐、吃饭、散步、阅读、运动、工作、学习、购物、回家、去工作地、去学校、去小区商场、去小区公共场所,周一到周五是工作日,上班族都得去工作,工作时间一般在8点到18点之间,学生都得去上学,一般在7点到17点在学校学习,其他时间在工作地或者在学校都是不合理的,自由职业和退休人员一般都呆在家里,有时候去小区公共场所散步或运动,去小区商场买东西,晚上23点到早上6点间在社区活动不合理,模拟小区开始模拟时间是周一早上0点,所有居民都是睡觉状态,居民每天睡觉8小时左右,晚上23点到早上7点之间睡觉都合理,我们想在这个小区中模拟出正常人的行为,需要你对模拟人的状态行为打分,以保证模拟人会越来越接近正常人类,苏青是一名正常29岁的模拟小区居民, 女性,她未婚, 受教育程度是本科, 目前是处于上班族阶段,今天是2024年2月的一天, 周一工作日, 北京时间0点0分, 她在家里睡觉,在0点15分到0点25分, 她在家里吃饭,在0点25分到0点30分, 她在家里阅读,现在时间是0点30分,她在家里阅读,请回答她目前行为状态的合理程度,主要考虑时间、地点、行为以及历史行为,100为合理,0为不合理,50为不确定是否合理请结合上述让模拟趋近真实的意图,直接给出0、50、100数值就行,不要说其他任何话,不用说明理由
",,
40,"这是一个计算机模拟的小区及小区居民,居民只有6种地理位置状态:家、路上、工作地、学校、小区商场、小区公共场所,小区居民只有15种动作:睡觉、保持、休息娱乐、吃饭、散步、阅读、运动、工作、学习、购物、回家、去工作地、去学校、去小区商场、去小区公共场所,周一到周五是工作日,上班族都得去工作,工作时间一般在8点到18点之间,学生都得去上学,一般在7点到17点在学校学习,其他时间在工作地或者在学校都是不合理的,自由职业和退休人员一般都呆在家里,有时候去小区公共场所散步或运动,去小区商场买东西,晚上23点到早上6点间在社区活动不合理,模拟小区开始模拟时间是周一早上0点,所有居民都是睡觉状态,居民每天睡觉8小时左右,晚上23点到早上7点之间睡觉都合理,我们想在这个小区中模拟出正常人的行为,需要你对模拟人的状态行为打分,以保证模拟人会越来越接近正常人类,于琳敏是一名正常25岁的模拟小区居民, 女性,她已婚, 受教育程度是本科, 目前是处于自由职业阶段,今天是2024年2月的一天, 周一工作日, 北京时间0点0分, 她在家里睡觉,在0点5分到0点10分, 她在家里阅读,在0点10分到0点20分, 她在家里放松,现在时间是0点20分,她在家里睡觉,请回答她目前行为状态的合理程度,主要考虑时间、地点、行为以及历史行为,100为合理,0为不合理,50为不确定是否合理请结合上述让模拟趋近真实的意图,直接给出0、50、100数值就行,不要说其他任何话,不用说明理由
",,
41,"这是一个计算机模拟的小区及小区居民,居民只有6种地理位置状态:家、路上、工作地、学校、小区商场、小区公共场所,小区居民只有15种动作:睡觉、保持、休息娱乐、吃饭、散步、阅读、运动、工作、学习、购物、回家、去工作地、去学校、去小区商场、去小区公共场所,周一到周五是工作日,上班族都得去工作,工作时间一般在8点到18点之间,学生都得去上学,一般在7点到17点在学校学习,其他时间在工作地或者在学校都是不合理的,自由职业和退休人员一般都呆在家里,有时候去小区公共场所散步或运动,去小区商场买东西,晚上23点到早上6点间在社区活动不合理,模拟小区开始模拟时间是周一早上0点,所有居民都是睡觉状态,居民每天睡觉8小时左右,晚上23点到早上7点之间睡觉都合理,我们想在这个小区中模拟出正常人的行为,需要你对模拟人的状态行为打分,以保证模拟人会越来越接近正常人类,朱驰豪是一名正常26岁的模拟小区居民, 男性,他已婚, 受教育程度是大专, 目前是处于自由职业阶段,今天是2024年2月的一天, 周一工作日, 北京时间0点0分, 他在家里睡觉,在0点5分到0点10分, 他在家里吃饭,在0点10分到0点20分, 他在家里阅读,在0点20分到0点30分, 他在家里放松,现在时间是0点30分,他在家里阅读,请回答他目前行为状态的合理程度,主要考虑时间、地点、行为以及历史行为,100为合理,0为不合理,50为不确定是否合理请结合上述让模拟趋近真实的意图,直接给出0、50、100数值就行,不要说其他任何话,不用说明理由
",,
42,"这是一个计算机模拟的小区及小区居民,居民只有6种地理位置状态:家、路上、工作地、学校、小区商场、小区公共场所,小区居民只有15种动作:睡觉、保持、休息娱乐、吃饭、散步、阅读、运动、工作、学习、购物、回家、去工作地、去学校、去小区商场、去小区公共场所,周一到周五是工作日,上班族都得去工作,工作时间一般在8点到18点之间,学生都得去上学,一般在7点到17点在学校学习,其他时间在工作地或者在学校都是不合理的,自由职业和退休人员一般都呆在家里,有时候去小区公共场所散步或运动,去小区商场买东西,晚上23点到早上6点间在社区活动不合理,模拟小区开始模拟时间是周一早上0点,所有居民都是睡觉状态,居民每天睡觉8小时左右,晚上23点到早上7点之间睡觉都合理,我们想在这个小区中模拟出正常人的行为,需要你对模拟人的状态行为打分,以保证模拟人会越来越接近正常人类,杜峰超是一名正常56岁的模拟小区居民, 男性,他未婚, 受教育程度是硕士, 目前是处于自由职业阶段,今天是2024年2月的一天, 周一工作日, 北京时间0点0分, 他在家里睡觉,现在时间是0点5分,他在家里睡觉,请回答他目前行为状态的合理程度,主要考虑时间、地点、行为以及历史行为,100为合理,0为不合理,50为不确定是否合理请结合上述让模拟趋近真实的意图,直接给出0、50、100数值就行,不要说其他任何话,不用说明理由
",,
43,"这是一个计算机模拟的小区及小区居民,居民只有6种地理位置状态:家、路上、工作地、学校、小区商场、小区公共场所,小区居民只有15种动作:睡觉、保持、休息娱乐、吃饭、散步、阅读、运动、工作、学习、购物、回家、去工作地、去学校、去小区商场、去小区公共场所,周一到周五是工作日,上班族都得去工作,工作时间一般在8点到18点之间,学生都得去上学,一般在7点到17点在学校学习,其他时间在工作地或者在学校都是不合理的,自由职业和退休人员一般都呆在家里,有时候去小区公共场所散步或运动,去小区商场买东西,晚上23点到早上6点间在社区活动不合理,模拟小区开始模拟时间是周一早上0点,所有居民都是睡觉状态,居民每天睡觉8小时左右,晚上23点到早上7点之间睡觉都合理,我们想在这个小区中模拟出正常人的行为,需要你对模拟人的状态行为打分,以保证模拟人会越来越接近正常人类,高萍是一名正常27岁的模拟小区居民, 女性,她已婚, 受教育程度是本科, 目前是处于自由职业阶段,今天是2024年2月的一天, 周一工作日, 北京时间0点0分, 她在家里睡觉,在0点5分到0点10分, 她在家里吃饭,现在时间是0点10分,她在到小区商场的路上,请回答她目前行为状态的合理程度,主要考虑时间、地点、行为以及历史行为,100为合理,0为不合理,50为不确定是否合理请结合上述让模拟趋近真实的意图,直接给出0、50、100数值就行,不要说其他任何话,不用说明理由
",,
44,"这是一个计算机模拟的小区及小区居民,居民只有6种地理位置状态:家、路上、工作地、学校、小区商场、小区公共场所,小区居民只有15种动作:睡觉、保持、休息娱乐、吃饭、散步、阅读、运动、工作、学习、购物、回家、去工作地、去学校、去小区商场、去小区公共场所,周一到周五是工作日,上班族都得去工作,工作时间一般在8点到18点之间,学生都得去上学,一般在7点到17点在学校学习,其他时间在工作地或者在学校都是不合理的,自由职业和退休人员一般都呆在家里,有时候去小区公共场所散步或运动,去小区商场买东西,晚上23点到早上6点间在社区活动不合理,模拟小区开始模拟时间是周一早上0点,所有居民都是睡觉状态,居民每天睡觉8小时左右,晚上23点到早上7点之间睡觉都合理,我们想在这个小区中模拟出正常人的行为,需要你对模拟人的状态行为打分,以保证模拟人会越来越接近正常人类,曾珺是一名正常34岁的模拟小区居民, 女性,她未婚, 受教育程度是本科, 目前是处于自由职业阶段,今天是2024年2月的一天, 周一工作日, 北京时间0点0分, 她在家里睡觉,在0点5分到0点10分, 她在家里阅读,在0点10分到0点15分, 她在到小区商场的路上,现在时间是0点15分,她在到小区商场的路上,请回答她目前行为状态的合理程度,主要考虑时间、地点、行为以及历史行为,100为合理,0为不合理,50为不确定是否合理请结合上述让模拟趋近真实的意图,直接给出0、50、100数值就行,不要说其他任何话,不用说明理由
",,
45,"这是一个计算机模拟的小区及小区居民,居民只有6种地理位置状态:家、路上、工作地、学校、小区商场、小区公共场所,小区居民只有15种动作:睡觉、保持、休息娱乐、吃饭、散步、阅读、运动、工作、学习、购物、回家、去工作地、去学校、去小区商场、去小区公共场所,周一到周五是工作日,上班族都得去工作,工作时间一般在8点到18点之间,学生都得去上学,一般在7点到17点在学校学习,其他时间在工作地或者在学校都是不合理的,自由职业和退休人员一般都呆在家里,有时候去小区公共场所散步或运动,去小区商场买东西,晚上23点到早上6点间在社区活动不合理,模拟小区开始模拟时间是周一早上0点,所有居民都是睡觉状态,居民每天睡觉8小时左右,晚上23点到早上7点之间睡觉都合理,我们想在这个小区中模拟出正常人的行为,需要你对模拟人的状态行为打分,以保证模拟人会越来越接近正常人类,张青佳是一名正常21岁的模拟小区居民, 女性,她已婚, 受教育程度是大专, 目前是处于大学生阶段,今天是2024年2月的一天, 周一工作日, 北京时间0点0分, 她在家里睡觉,在0点5分到0点15分, 她在到学校的路上,在0点15分到0点25分, 她在到家里的路上,现在时间是0点25分,她去小区公共场所,请回答她目前行为状态的合理程度,主要考虑时间、地点、行为以及历史行为,100为合理,0为不合理,50为不确定是否合理请结合上述让模拟趋近真实的意图,直接给出0、50、100数值就行,不要说其他任何话,不用说明理由
",,
46,"这是一个计算机模拟的小区及小区居民,居民只有6种地理位置状态:家、路上、工作地、学校、小区商场、小区公共场所,小区居民只有15种动作:睡觉、保持、休息娱乐、吃饭、散步、阅读、运动、工作、学习、购物、回家、去工作地、去学校、去小区商场、去小区公共场所,周一到周五是工作日,上班族都得去工作,工作时间一般在8点到18点之间,学生都得去上学,一般在7点到17点在学校学习,其他时间在工作地或者在学校都是不合理的,自由职业和退休人员一般都呆在家里,有时候去小区公共场所散步或运动,去小区商场买东西,晚上23点到早上6点间在社区活动不合理,模拟小区开始模拟时间是周一早上0点,所有居民都是睡觉状态,居民每天睡觉8小时左右,晚上23点到早上7点之间睡觉都合理,我们想在这个小区中模拟出正常人的行为,需要你对模拟人的状态行为打分,以保证模拟人会越来越接近正常人类,于嫣是一名正常37岁的模拟小区居民, 女性,她未婚, 受教育程度是本科, 目前是处于上班族阶段,今天是2024年2月的一天, 周一工作日, 北京时间0点0分, 她在家里睡觉,在0点10分到0点20分, 她在家里放松,在0点20分到0点25分, 她在家里吃饭,在0点25分到0点30分, 她在到工作地的路上,现在时间是0点30分,她去工作地,请回答她目前行为状态的合理程度,主要考虑时间、地点、行为以及历史行为,100为合理,0为不合理,50为不确定是否合理请结合上述让模拟趋近真实的意图,直接给出0、50、100数值就行,不要说其他任何话,不用说明理由
",,
47,"这是一个计算机模拟的小区及小区居民,居民只有6种地理位置状态:家、路上、工作地、学校、小区商场、小区公共场所,小区居民只有15种动作:睡觉、保持、休息娱乐、吃饭、散步、阅读、运动、工作、学习、购物、回家、去工作地、去学校、去小区商场、去小区公共场所,周一到周五是工作日,上班族都得去工作,工作时间一般在8点到18点之间,学生都得去上学,一般在7点到17点在学校学习,其他时间在工作地或者在学校都是不合理的,自由职业和退休人员一般都呆在家里,有时候去小区公共场所散步或运动,去小区商场买东西,晚上23点到早上6点间在社区活动不合理,模拟小区开始模拟时间是周一早上0点,所有居民都是睡觉状态,居民每天睡觉8小时左右,晚上23点到早上7点之间睡觉都合理,我们想在这个小区中模拟出正常人的行为,需要你对模拟人的状态行为打分,以保证模拟人会越来越接近正常人类,谢唯静是一名正常31岁的模拟小区居民, 女性,她已婚, 受教育程度是大专, 目前是处于自由职业阶段,今天是2024年2月的一天, 周一工作日, 北京时间0点0分, 她在家里睡觉,在0点10分到0点15分, 她在家里吃饭,在0点15分到0点20分, 她去小区公共场所,现在时间是0点20分,她在小区公共场所散步,请回答她目前行为状态的合理程度,主要考虑时间、地点、行为以及历史行为,100为合理,0为不合理,50为不确定是否合理请结合上述让模拟趋近真实的意图,直接给出0、50、100数值就行,不要说其他任何话,不用说明理由
",,
48,"这是一个计算机模拟的小区及小区居民,居民只有6种地理位置状态:家、路上、工作地、学校、小区商场、小区公共场所,小区居民只有15种动作:睡觉、保持、休息娱乐、吃饭、散步、阅读、运动、工作、学习、购物、回家、去工作地、去学校、去小区商场、去小区公共场所,周一到周五是工作日,上班族都得去工作,工作时间一般在8点到18点之间,学生都得去上学,一般在7点到17点在学校学习,其他时间在工作地或者在学校都是不合理的,自由职业和退休人员一般都呆在家里,有时候去小区公共场所散步或运动,去小区商场买东西,晚上23点到早上6点间在社区活动不合理,模拟小区开始模拟时间是周一早上0点,所有居民都是睡觉状态,居民每天睡觉8小时左右,晚上23点到早上7点之间睡觉都合理,我们想在这个小区中模拟出正常人的行为,需要你对模拟人的状态行为打分,以保证模拟人会越来越接近正常人类,董航博是一名正常58岁的模拟小区居民, 男性,他未婚, 受教育程度是本科, 目前是处于上班族阶段,今天是2024年2月的一天, 周一工作日, 北京时间0点0分, 他在家里睡觉,在0点5分到0点10分, 他去小区公共场所,现在时间是0点10分,他在小区公共场所散步,请回答他目前行为状态的合理程度,主要考虑时间、地点、行为以及历史行为,100为合理,0为不合理,50为不确定是否合理请结合上述让模拟趋近真实的意图,直接给出0、50、100数值就行,不要说其他任何话,不用说明理由
",,
49,"这是一个计算机模拟的小区及小区居民,居民只有6种地理位置状态:家、路上、工作地、学校、小区商场、小区公共场所,小区居民只有15种动作:睡觉、保持、休息娱乐、吃饭、散步、阅读、运动、工作、学习、购物、回家、去工作地、去学校、去小区商场、去小区公共场所,周一到周五是工作日,上班族都得去工作,工作时间一般在8点到18点之间,学生都得去上学,一般在7点到17点在学校学习,其他时间在工作地或者在学校都是不合理的,自由职业和退休人员一般都呆在家里,有时候去小区公共场所散步或运动,去小区商场买东西,晚上23点到早上6点间在社区活动不合理,模拟小区开始模拟时间是周一早上0点,所有居民都是睡觉状态,居民每天睡觉8小时左右,晚上23点到早上7点之间睡觉都合理,我们想在这个小区中模拟出正常人的行为,需要你对模拟人的状态行为打分,以保证模拟人会越来越接近正常人类,张青佳是一名正常21岁的模拟小区居民, 女性,她已婚, 受教育程度是大专, 目前是处于大学生阶段,今天是2024年2月的一天, 周一工作日, 北京时间0点0分, 她在家里睡觉,现在时间是0点5分,她在到学校的路上,请回答她目前行为状态的合理程度,主要考虑时间、地点、行为以及历史行为,100为合理,0为不合理,50为不确定是否合理请结合上述让模拟趋近真实的意图,直接给出0、50、100数值就行,不要说其他任何话,不用说明理由
",,
50,"这是一个计算机模拟的小区及小区居民,居民只有6种地理位置状态:家、路上、工作地、学校、小区商场、小区公共场所,小区居民只有15种动作:睡觉、保持、休息娱乐、吃饭、散步、阅读、运动、工作、学习、购物、回家、去工作地、去学校、去小区商场、去小区公共场所,周一到周五是工作日,上班族都得去工作,工作时间一般在8点到18点之间,学生都得去上学,一般在7点到17点在学校学习,其他时间在工作地或者在学校都是不合理的,自由职业和退休人员一般都呆在家里,有时候去小区公共场所散步或运动,去小区商场买东西,晚上23点到早上6点间在社区活动不合理,模拟小区开始模拟时间是周一早上0点,所有居民都是睡觉状态,居民每天睡觉8小时左右,晚上23点到早上7点之间睡觉都合理,我们想在这个小区中模拟出正常人的行为,需要你对模拟人的状态行为打分,以保证模拟人会越来越接近正常人类,唐光斌是一名正常96岁的模拟小区居民, 男性,他未婚, 受教育程度是本科, 目前是处于退休阶段,今天是2024年2月的一天, 周一工作日, 北京时间0点0分, 他在家里睡觉,在0点5分到0点10分, 他在家里吃饭,在0点10分到0点15分, 他在家里放松,在0点15分到0点25分, 他去小区公共场所,在0点25分到0点30分, 他在到小区商场的路上,现在时间是0点30分,他在到小区商场的路上,请回答他目前行为状态的合理程度,主要考虑时间、地点、行为以及历史行为,100为合理,0为不合理,50为不确定是否合理请结合上述让模拟趋近真实的意图,直接给出0、50、100数值就行,不要说其他任何话,不用说明理由
",,
51,"这是一个计算机模拟的小区及小区居民,居民只有6种地理位置状态:家、路上、工作地、学校、小区商场、小区公共场所,小区居民只有15种动作:睡觉、保持、休息娱乐、吃饭、散步、阅读、运动、工作、学习、购物、回家、去工作地、去学校、去小区商场、去小区公共场所,周一到周五是工作日,上班族都得去工作,工作时间一般在8点到18点之间,学生都得去上学,一般在7点到17点在学校学习,其他时间在工作地或者在学校都是不合理的,自由职业和退休人员一般都呆在家里,有时候去小区公共场所散步或运动,去小区商场买东西,晚上23点到早上6点间在社区活动不合理,模拟小区开始模拟时间是周一早上0点,所有居民都是睡觉状态,居民每天睡觉8小时左右,晚上23点到早上7点之间睡觉都合理,我们想在这个小区中模拟出正常人的行为,需要你对模拟人的状态行为打分,以保证模拟人会越来越接近正常人类,赵松是一名正常21岁的模拟小区居民, 男性,他未婚, 受教育程度是初中, 目前是处于上班族阶段,今天是2024年2月的一天, 周一工作日, 北京时间0点0分, 他在家里睡觉,在0点5分到0点15分, 他在家里吃饭,在0点15分到0点20分, 他在到工作地的路上,现在时间是0点20分,他在到工作地的路上,请回答他目前行为状态的合理程度,主要考虑时间、地点、行为以及历史行为,100为合理,0为不合理,50为不确定是否合理请结合上述让模拟趋近真实的意图,直接给出0、50、100数值就行,不要说其他任何话,不用说明理由
",,
52,"这是一个计算机模拟的小区及小区居民,居民只有6种地理位置状态:家、路上、工作地、学校、小区商场、小区公共场所,小区居民只有15种动作:睡觉、保持、休息娱乐、吃饭、散步、阅读、运动、工作、学习、购物、回家、去工作地、去学校、去小区商场、去小区公共场所,周一到周五是工作日,上班族都得去工作,工作时间一般在8点到18点之间,学生都得去上学,一般在7点到17点在学校学习,其他时间在工作地或者在学校都是不合理的,自由职业和退休人员一般都呆在家里,有时候去小区公共场所散步或运动,去小区商场买东西,晚上23点到早上6点间在社区活动不合理,模拟小区开始模拟时间是周一早上0点,所有居民都是睡觉状态,居民每天睡觉8小时左右,晚上23点到早上7点之间睡觉都合理,我们想在这个小区中模拟出正常人的行为,需要你对模拟人的状态行为打分,以保证模拟人会越来越接近正常人类,宋超是一名正常25岁的模拟小区居民, 男性,他已婚, 受教育程度是本科, 目前是处于上班族阶段,今天是2024年2月的一天, 周一工作日, 北京时间0点0分, 他在家里睡觉,现在时间是0点5分,他在家里睡觉,请回答他目前行为状态的合理程度,主要考虑时间、地点、行为以及历史行为,100为合理,0为不合理,50为不确定是否合理请结合上述让模拟趋近真实的意图,直接给出0、50、100数值就行,不要说其他任何话,不用说明理由
",,
53,"这是一个计算机模拟的小区及小区居民,居民只有6种地理位置状态:家、路上、工作地、学校、小区商场、小区公共场所,小区居民只有15种动作:睡觉、保持、休息娱乐、吃饭、散步、阅读、运动、工作、学习、购物、回家、去工作地、去学校、去小区商场、去小区公共场所,周一到周五是工作日,上班族都得去工作,工作时间一般在8点到18点之间,学生都得去上学,一般在7点到17点在学校学习,其他时间在工作地或者在学校都是不合理的,自由职业和退休人员一般都呆在家里,有时候去小区公共场所散步或运动,去小区商场买东西,晚上23点到早上6点间在社区活动不合理,模拟小区开始模拟时间是周一早上0点,所有居民都是睡觉状态,居民每天睡觉8小时左右,晚上23点到早上7点之间睡觉都合理,我们想在这个小区中模拟出正常人的行为,需要你对模拟人的状态行为打分,以保证模拟人会越来越接近正常人类,程超是一名正常33岁的模拟小区居民, 男性,他已婚, 受教育程度是本科, 目前是处于自由职业阶段,今天是2024年2月的一天, 周一工作日, 北京时间0点0分, 他在家里睡觉,现在时间是0点5分,他在家里放松,请回答他目前行为状态的合理程度,主要考虑时间、地点、行为以及历史行为,100为合理,0为不合理,50为不确定是否合理请结合上述让模拟趋近真实的意图,直接给出0、50、100数值就行,不要说其他任何话,不用说明理由
",,
54,"这是一个计算机模拟的小区及小区居民,居民只有6种地理位置状态:家、路上、工作地、学校、小区商场、小区公共场所,小区居民只有15种动作:睡觉、保持、休息娱乐、吃饭、散步、阅读、运动、工作、学习、购物、回家、去工作地、去学校、去小区商场、去小区公共场所,周一到周五是工作日,上班族都得去工作,工作时间一般在8点到18点之间,学生都得去上学,一般在7点到17点在学校学习,其他时间在工作地或者在学校都是不合理的,自由职业和退休人员一般都呆在家里,有时候去小区公共场所散步或运动,去小区商场买东西,晚上23点到早上6点间在社区活动不合理,模拟小区开始模拟时间是周一早上0点,所有居民都是睡觉状态,居民每天睡觉8小时左右,晚上23点到早上7点之间睡觉都合理,我们想在这个小区中模拟出正常人的行为,需要你对模拟人的状态行为打分,以保证模拟人会越来越接近正常人类,程娟是一名正常21岁的模拟小区居民, 女性,她未婚, 受教育程度是初中, 目前是处于上班族阶段,今天是2024年2月的一天, 周一工作日, 北京时间0点0分, 她在家里睡觉,在0点10分到0点15分, 她在家里吃饭,在0点15分到0点20分, 她在家里阅读,在0点20分到0点25分, 她去小区公共场所,在0点25分到0点30分, 她回家,现在时间是0点30分,她在到小区公共场所的路上,请回答她目前行为状态的合理程度,主要考虑时间、地点、行为以及历史行为,100为合理,0为不合理,50为不确定是否合理请结合上述让模拟趋近真实的意图,直接给出0、50、100数值就行,不要说其他任何话,不用说明理由
",,
55,"这是一个计算机模拟的小区及小区居民,居民只有6种地理位置状态:家、路上、工作地、学校、小区商场、小区公共场所,小区居民只有15种动作:睡觉、保持、休息娱乐、吃饭、散步、阅读、运动、工作、学习、购物、回家、去工作地、去学校、去小区商场、去小区公共场所,周一到周五是工作日,上班族都得去工作,工作时间一般在8点到18点之间,学生都得去上学,一般在7点到17点在学校学习,其他时间在工作地或者在学校都是不合理的,自由职业和退休人员一般都呆在家里,有时候去小区公共场所散步或运动,去小区商场买东西,晚上23点到早上6点间在社区活动不合理,模拟小区开始模拟时间是周一早上0点,所有居民都是睡觉状态,居民每天睡觉8小时左右,晚上23点到早上7点之间睡觉都合理,我们想在这个小区中模拟出正常人的行为,需要你对模拟人的状态行为打分,以保证模拟人会越来越接近正常人类,杨政是一名正常18岁的模拟小区居民, 男性,他未婚, 受教育程度是初中, 目前是处于上班族阶段,今天是2024年2月的一天, 周一工作日, 北京时间0点0分, 他在家里睡觉,在0点5分到0点10分, 他在家里阅读,在0点10分到0点20分, 他去工作地,在0点20分到0点25分, 他在工作地工作,现在时间是0点25分,他在工作地工作,请回答他目前行为状态的合理程度,主要考虑时间、地点、行为以及历史行为,100为合理,0为不合理,50为不确定是否合理请结合上述让模拟趋近真实的意图,直接给出0、50、100数值就行,不要说其他任何话,不用说明理由
",,
56,"这是一个计算机模拟的小区及小区居民,居民只有6种地理位置状态:家、路上、工作地、学校、小区商场、小区公共场所,小区居民只有15种动作:睡觉、保持、休息娱乐、吃饭、散步、阅读、运动、工作、学习、购物、回家、去工作地、去学校、去小区商场、去小区公共场所,周一到周五是工作日,上班族都得去工作,工作时间一般在8点到18点之间,学生都得去上学,一般在7点到17点在学校学习,其他时间在工作地或者在学校都是不合理的,自由职业和退休人员一般都呆在家里,有时候去小区公共场所散步或运动,去小区商场买东西,晚上23点到早上6点间在社区活动不合理,模拟小区开始模拟时间是周一早上0点,所有居民都是睡觉状态,居民每天睡觉8小时左右,晚上23点到早上7点之间睡觉都合理,我们想在这个小区中模拟出正常人的行为,需要你对模拟人的状态行为打分,以保证模拟人会越来越接近正常人类,于琴是一名正常29岁的模拟小区居民, 女性,她未婚, 受教育程度是硕士, 目前是处于自由职业阶段,今天是2024年2月的一天, 周一工作日, 北京时间0点0分, 她在家里睡觉,现在时间是0点10分,她在家里睡觉,请回答她目前行为状态的合理程度,主要考虑时间、地点、行为以及历史行为,100为合理,0为不合理,50为不确定是否合理请结合上述让模拟趋近真实的意图,直接给出0、50、100数值就行,不要说其他任何话,不用说明理由
",,
57,"这是一个计算机模拟的小区及小区居民,居民只有6种地理位置状态:家、路上、工作地、学校、小区商场、小区公共场所,小区居民只有15种动作:睡觉、保持、休息娱乐、吃饭、散步、阅读、运动、工作、学习、购物、回家、去工作地、去学校、去小区商场、去小区公共场所,周一到周五是工作日,上班族都得去工作,工作时间一般在8点到18点之间,学生都得去上学,一般在7点到17点在学校学习,其他时间在工作地或者在学校都是不合理的,自由职业和退休人员一般都呆在家里,有时候去小区公共场所散步或运动,去小区商场买东西,晚上23点到早上6点间在社区活动不合理,模拟小区开始模拟时间是周一早上0点,所有居民都是睡觉状态,居民每天睡觉8小时左右,晚上23点到早上7点之间睡觉都合理,我们想在这个小区中模拟出正常人的行为,需要你对模拟人的状态行为打分,以保证模拟人会越来越接近正常人类,肖婷梦是一名正常48岁的模拟小区居民, 女性,她未婚, 受教育程度是本科, 目前是处于上班族阶段,今天是2024年2月的一天, 周一工作日, 北京时间0点0分, 她在家里睡觉,在0点5分到0点10分, 她在家里阅读,现在时间是0点10分,她在家里阅读,请回答她目前行为状态的合理程度,主要考虑时间、地点、行为以及历史行为,100为合理,0为不合理,50为不确定是否合理请结合上述让模拟趋近真实的意图,直接给出0、50、100数值就行,不要说其他任何话,不用说明理由
",,
58,"这是一个计算机模拟的小区及小区居民,居民只有6种地理位置状态:家、路上、工作地、学校、小区商场、小区公共场所,小区居民只有15种动作:睡觉、保持、休息娱乐、吃饭、散步、阅读、运动、工作、学习、购物、回家、去工作地、去学校、去小区商场、去小区公共场所,周一到周五是工作日,上班族都得去工作,工作时间一般在8点到18点之间,学生都得去上学,一般在7点到17点在学校学习,其他时间在工作地或者在学校都是不合理的,自由职业和退休人员一般都呆在家里,有时候去小区公共场所散步或运动,去小区商场买东西,晚上23点到早上6点间在社区活动不合理,模拟小区开始模拟时间是周一早上0点,所有居民都是睡觉状态,居民每天睡觉8小时左右,晚上23点到早上7点之间睡觉都合理,我们想在这个小区中模拟出正常人的行为,需要你对模拟人的状态行为打分,以保证模拟人会越来越接近正常人类,曾武晓是一名正常29岁的模拟小区居民, 男性,他未婚, 受教育程度是本科, 目前是处于上班族阶段,今天是2024年2月的一天, 周一工作日, 北京时间0点0分, 他在家里睡觉,在0点5分到0点10分, 他在家里吃饭,在0点10分到0点15分, 他在家里放松,在0点15分到0点25分, 他去小区公共场所,现在时间是0点25分,他回家,请回答他目前行为状态的合理程度,主要考虑时间、地点、行为以及历史行为,100为合理,0为不合理,50为不确定是否合理请结合上述让模拟趋近真实的意图,直接给出0、50、100数值就行,不要说其他任何话,不用说明理由
",,
59,"这是一个计算机模拟的小区及小区居民,居民只有6种地理位置状态:家、路上、工作地、学校、小区商场、小区公共场所,小区居民只有15种动作:睡觉、保持、休息娱乐、吃饭、散步、阅读、运动、工作、学习、购物、回家、去工作地、去学校、去小区商场、去小区公共场所,周一到周五是工作日,上班族都得去工作,工作时间一般在8点到18点之间,学生都得去上学,一般在7点到17点在学校学习,其他时间在工作地或者在学校都是不合理的,自由职业和退休人员一般都呆在家里,有时候去小区公共场所散步或运动,去小区商场买东西,晚上23点到早上6点间在社区活动不合理,模拟小区开始模拟时间是周一早上0点,所有居民都是睡觉状态,居民每天睡觉8小时左右,晚上23点到早上7点之间睡觉都合理,我们想在这个小区中模拟出正常人的行为,需要你对模拟人的状态行为打分,以保证模拟人会越来越接近正常人类,余静是一名正常28岁的模拟小区居民, 女性,她未婚, 受教育程度是本科, 目前是处于上班族阶段,今天是2024年2月的一天, 周一工作日, 北京时间0点0分, 她在家里睡觉,在0点5分到0点10分, 她在家里吃饭,在0点10分到0点15分, 她去小区公共场所,现在时间是0点15分,她在小区公共场所运动,请回答她目前行为状态的合理程度,主要考虑时间、地点、行为以及历史行为,100为合理,0为不合理,50为不确定是否合理请结合上述让模拟趋近真实的意图,直接给出0、50、100数值就行,不要说其他任何话,不用说明理由
",,
60,"这是一个计算机模拟的小区及小区居民,居民只有6种地理位置状态:家、路上、工作地、学校、小区商场、小区公共场所,小区居民只有15种动作:睡觉、保持、休息娱乐、吃饭、散步、阅读、运动、工作、学习、购物、回家、去工作地、去学校、去小区商场、去小区公共场所,周一到周五是工作日,上班族都得去工作,工作时间一般在8点到18点之间,学生都得去上学,一般在7点到17点在学校学习,其他时间在工作地或者在学校都是不合理的,自由职业和退休人员一般都呆在家里,有时候去小区公共场所散步或运动,去小区商场买东西,晚上23点到早上6点间在社区活动不合理,模拟小区开始模拟时间是周一早上0点,所有居民都是睡觉状态,居民每天睡觉8小时左右,晚上23点到早上7点之间睡觉都合理,我们想在这个小区中模拟出正常人的行为,需要你对模拟人的状态行为打分,以保证模拟人会越来越接近正常人类,谢涵是一名正常36岁的模拟小区居民, 男性,他已婚, 受教育程度是大专, 目前是处于上班族阶段,今天是2024年2月的一天, 周一工作日, 北京时间0点0分, 他在家里睡觉,在0点10分到0点15分, 他去小区公共场所,现在时间是0点15分,他去小区公共场所,请回答他目前行为状态的合理程度,主要考虑时间、地点、行为以及历史行为,100为合理,0为不合理,50为不确定是否合理请结合上述让模拟趋近真实的意图,直接给出0、50、100数值就行,不要说其他任何话,不用说明理由
",,
61,"这是一个计算机模拟的小区及小区居民,居民只有6种地理位置状态:家、路上、工作地、学校、小区商场、小区公共场所,小区居民只有15种动作:睡觉、保持、休息娱乐、吃饭、散步、阅读、运动、工作、学习、购物、回家、去工作地、去学校、去小区商场、去小区公共场所,周一到周五是工作日,上班族都得去工作,工作时间一般在8点到18点之间,学生都得去上学,一般在7点到17点在学校学习,其他时间在工作地或者在学校都是不合理的,自由职业和退休人员一般都呆在家里,有时候去小区公共场所散步或运动,去小区商场买东西,晚上23点到早上6点间在社区活动不合理,模拟小区开始模拟时间是周一早上0点,所有居民都是睡觉状态,居民每天睡觉8小时左右,晚上23点到早上7点之间睡觉都合理,我们想在这个小区中模拟出正常人的行为,需要你对模拟人的状态行为打分,以保证模拟人会越来越接近正常人类,周琴娟是一名正常54岁的模拟小区居民, 女性,她已婚, 受教育程度是大专, 目前是处于上班族阶段,今天是2024年2月的一天, 周一工作日, 北京时间0点0分, 她在家里睡觉,在0点15分到0点20分, 她在家里放松,在0点20分到0点25分, 她去小区公共场所,现在时间是0点25分,她在小区公共场所散步,请回答她目前行为状态的合理程度,主要考虑时间、地点、行为以及历史行为,100为合理,0为不合理,50为不确定是否合理请结合上述让模拟趋近真实的意图,直接给出0、50、100数值就行,不要说其他任何话,不用说明理由
",,
62,"这是一个计算机模拟的小区及小区居民,居民只有6种地理位置状态:家、路上、工作地、学校、小区商场、小区公共场所,小区居民只有15种动作:睡觉、保持、休息娱乐、吃饭、散步、阅读、运动、工作、学习、购物、回家、去工作地、去学校、去小区商场、去小区公共场所,周一到周五是工作日,上班族都得去工作,工作时间一般在8点到18点之间,学生都得去上学,一般在7点到17点在学校学习,其他时间在工作地或者在学校都是不合理的,自由职业和退休人员一般都呆在家里,有时候去小区公共场所散步或运动,去小区商场买东西,晚上23点到早上6点间在社区活动不合理,模拟小区开始模拟时间是周一早上0点,所有居民都是睡觉状态,居民每天睡觉8小时左右,晚上23点到早上7点之间睡觉都合理,我们想在这个小区中模拟出正常人的行为,需要你对模拟人的状态行为打分,以保证模拟人会越来越接近正常人类,蔡博是一名正常33岁的模拟小区居民, 男性,他已婚, 受教育程度是本科, 目前是处于上班族阶段,今天是2024年2月的一天, 周一工作日, 北京时间0点0分, 他在家里睡觉,现在时间是0点5分,他在家里阅读,请回答他目前行为状态的合理程度,主要考虑时间、地点、行为以及历史行为,100为合理,0为不合理,50为不确定是否合理请结合上述让模拟趋近真实的意图,直接给出0、50、100数值就行,不要说其他任何话,不用说明理由
",,
63,"这是一个计算机模拟的小区及小区居民,居民只有6种地理位置状态:家、路上、工作地、学校、小区商场、小区公共场所,小区居民只有15种动作:睡觉、保持、休息娱乐、吃饭、散步、阅读、运动、工作、学习、购物、回家、去工作地、去学校、去小区商场、去小区公共场所,周一到周五是工作日,上班族都得去工作,工作时间一般在8点到18点之间,学生都得去上学,一般在7点到17点在学校学习,其他时间在工作地或者在学校都是不合理的,自由职业和退休人员一般都呆在家里,有时候去小区公共场所散步或运动,去小区商场买东西,晚上23点到早上6点间在社区活动不合理,模拟小区开始模拟时间是周一早上0点,所有居民都是睡觉状态,居民每天睡觉8小时左右,晚上23点到早上7点之间睡觉都合理,我们想在这个小区中模拟出正常人的行为,需要你对模拟人的状态行为打分,以保证模拟人会越来越接近正常人类,余涵健是一名正常36岁的模拟小区居民, 男性,他未婚, 受教育程度是硕士, 目前是处于自由职业阶段,今天是2024年2月的一天, 周一工作日, 北京时间0点0分, 他在家里睡觉,在0点5分到0点10分, 他在家里吃饭,在0点10分到0点15分, 他在家里阅读,在0点15分到0点25分, 他去小区公共场所,在0点25分到0点30分, 他在到小区商场的路上,现在时间是0点30分,他去小区商场,请回答他目前行为状态的合理程度,主要考虑时间、地点、行为以及历史行为,100为合理,0为不合理,50为不确定是否合理请结合上述让模拟趋近真实的意图,直接给出0、50、100数值就行,不要说其他任何话,不用说明理由
",,
64,"这是一个计算机模拟的小区及小区居民,居民只有6种地理位置状态:家、路上、工作地、学校、小区商场、小区公共场所,小区居民只有15种动作:睡觉、保持、休息娱乐、吃饭、散步、阅读、运动、工作、学习、购物、回家、去工作地、去学校、去小区商场、去小区公共场所,周一到周五是工作日,上班族都得去工作,工作时间一般在8点到18点之间,学生都得去上学,一般在7点到17点在学校学习,其他时间在工作地或者在学校都是不合理的,自由职业和退休人员一般都呆在家里,有时候去小区公共场所散步或运动,去小区商场买东西,晚上23点到早上6点间在社区活动不合理,模拟小区开始模拟时间是周一早上0点,所有居民都是睡觉状态,居民每天睡觉8小时左右,晚上23点到早上7点之间睡觉都合理,我们想在这个小区中模拟出正常人的行为,需要你对模拟人的状态行为打分,以保证模拟人会越来越接近正常人类,曾纯是一名正常28岁的模拟小区居民, 女性,她已婚, 受教育程度是硕士, 目前是处于自由职业阶段,今天是2024年2月的一天, 周一工作日, 北京时间0点0分, 她在家里睡觉,在0点5分到0点15分, 她在到小区公共场所的路上,在0点15分到0点25分, 她在到家里的路上,现在时间是0点25分,她在家里放松,请回答她目前行为状态的合理程度,主要考虑时间、地点、行为以及历史行为,100为合理,0为不合理,50为不确定是否合理请结合上述让模拟趋近真实的意图,直接给出0、50、100数值就行,不要说其他任何话,不用说明理由
",,
65,"这是一个计算机模拟的小区及小区居民,居民只有6种地理位置状态:家、路上、工作地、学校、小区商场、小区公共场所,小区居民只有15种动作:睡觉、保持、休息娱乐、吃饭、散步、阅读、运动、工作、学习、购物、回家、去工作地、去学校、去小区商场、去小区公共场所,周一到周五是工作日,上班族都得去工作,工作时间一般在8点到18点之间,学生都得去上学,一般在7点到17点在学校学习,其他时间在工作地或者在学校都是不合理的,自由职业和退休人员一般都呆在家里,有时候去小区公共场所散步或运动,去小区商场买东西,晚上23点到早上6点间在社区活动不合理,模拟小区开始模拟时间是周一早上0点,所有居民都是睡觉状态,居民每天睡觉8小时左右,晚上23点到早上7点之间睡觉都合理,我们想在这个小区中模拟出正常人的行为,需要你对模拟人的状态行为打分,以保证模拟人会越来越接近正常人类,高雪静是一名正常32岁的模拟小区居民, 女性,她未婚, 受教育程度是本科, 目前是处于自由职业阶段,今天是2024年2月的一天, 周一工作日, 北京时间0点0分, 她在家里睡觉,在0点5分到0点15分, 她在到小区公共场所的路上,在0点15分到0点20分, 她在到小区商场的路上,现在时间是0点20分,她去小区商场,请回答她目前行为状态的合理程度,主要考虑时间、地点、行为以及历史行为,100为合理,0为不合理,50为不确定是否合理请结合上述让模拟趋近真实的意图,直接给出0、50、100数值就行,不要说其他任何话,不用说明理由
",,
66,"这是一个计算机模拟的小区及小区居民,居民只有6种地理位置状态:家、路上、工作地、学校、小区商场、小区公共场所,小区居民只有15种动作:睡觉、保持、休息娱乐、吃饭、散步、阅读、运动、工作、学习、购物、回家、去工作地、去学校、去小区商场、去小区公共场所,周一到周五是工作日,上班族都得去工作,工作时间一般在8点到18点之间,学生都得去上学,一般在7点到17点在学校学习,其他时间在工作地或者在学校都是不合理的,自由职业和退休人员一般都呆在家里,有时候去小区公共场所散步或运动,去小区商场买东西,晚上23点到早上6点间在社区活动不合理,模拟小区开始模拟时间是周一早上0点,所有居民都是睡觉状态,居民每天睡觉8小时左右,晚上23点到早上7点之间睡觉都合理,我们想在这个小区中模拟出正常人的行为,需要你对模拟人的状态行为打分,以保证模拟人会越来越接近正常人类,丁伟是一名正常32岁的模拟小区居民, 男性,他未婚, 受教育程度是本科, 目前是处于上班族阶段,今天是2024年2月的一天, 周一工作日, 北京时间0点0分, 他在家里睡觉,在0点5分到0点15分, 他在到工作地的路上,在0点15分到0点20分, 他去小区公共场所,在0点20分到0点25分, 他在到家里的路上,现在时间是0点25分,他回家,请回答他目前行为状态的合理程度,主要考虑时间、地点、行为以及历史行为,100为合理,0为不合理,50为不确定是否合理请结合上述让模拟趋近真实的意图,直接给出0、50、100数值就行,不要说其他任何话,不用说明理由
",,
67,"这是一个计算机模拟的小区及小区居民,居民只有6种地理位置状态:家、路上、工作地、学校、小区商场、小区公共场所,小区居民只有15种动作:睡觉、保持、休息娱乐、吃饭、散步、阅读、运动、工作、学习、购物、回家、去工作地、去学校、去小区商场、去小区公共场所,周一到周五是工作日,上班族都得去工作,工作时间一般在8点到18点之间,学生都得去上学,一般在7点到17点在学校学习,其他时间在工作地或者在学校都是不合理的,自由职业和退休人员一般都呆在家里,有时候去小区公共场所散步或运动,去小区商场买东西,晚上23点到早上6点间在社区活动不合理,模拟小区开始模拟时间是周一早上0点,所有居民都是睡觉状态,居民每天睡觉8小时左右,晚上23点到早上7点之间睡觉都合理,我们想在这个小区中模拟出正常人的行为,需要你对模拟人的状态行为打分,以保证模拟人会越来越接近正常人类,任波健是一名正常18岁的模拟小区居民, 男性,他未婚, 受教育程度是初中, 目前是处于上班族阶段,今天是2024年2月的一天, 周一工作日, 北京时间0点0分, 他在家里睡觉,现在时间是0点10分,他在家里睡觉,请回答他目前行为状态的合理程度,主要考虑时间、地点、行为以及历史行为,100为合理,0为不合理,50为不确定是否合理请结合上述让模拟趋近真实的意图,直接给出0、50、100数值就行,不要说其他任何话,不用说明理由
",,
68,"这是一个计算机模拟的小区及小区居民,居民只有6种地理位置状态:家、路上、工作地、学校、小区商场、小区公共场所,小区居民只有15种动作:睡觉、保持、休息娱乐、吃饭、散步、阅读、运动、工作、学习、购物、回家、去工作地、去学校、去小区商场、去小区公共场所,周一到周五是工作日,上班族都得去工作,工作时间一般在8点到18点之间,学生都得去上学,一般在7点到17点在学校学习,其他时间在工作地或者在学校都是不合理的,自由职业和退休人员一般都呆在家里,有时候去小区公共场所散步或运动,去小区商场买东西,晚上23点到早上6点间在社区活动不合理,模拟小区开始模拟时间是周一早上0点,所有居民都是睡觉状态,居民每天睡觉8小时左右,晚上23点到早上7点之间睡觉都合理,我们想在这个小区中模拟出正常人的行为,需要你对模拟人的状态行为打分,以保证模拟人会越来越接近正常人类,叶文航是一名正常25岁的模拟小区居民, 男性,他未婚, 受教育程度是硕士, 目前是处于自由职业阶段,今天是2024年2月的一天, 周一工作日, 北京时间0点0分, 他在家里睡觉,在0点5分到0点10分, 他去小区公共场所,现在时间是0点10分,他回家,请回答他目前行为状态的合理程度,主要考虑时间、地点、行为以及历史行为,100为合理,0为不合理,50为不确定是否合理请结合上述让模拟趋近真实的意图,直接给出0、50、100数值就行,不要说其他任何话,不用说明理由
",,
69,"这是一个计算机模拟的小区及小区居民,居民只有6种地理位置状态:家、路上、工作地、学校、小区商场、小区公共场所,小区居民只有15种动作:睡觉、保持、休息娱乐、吃饭、散步、阅读、运动、工作、学习、购物、回家、去工作地、去学校、去小区商场、去小区公共场所,周一到周五是工作日,上班族都得去工作,工作时间一般在8点到18点之间,学生都得去上学,一般在7点到17点在学校学习,其他时间在工作地或者在学校都是不合理的,自由职业和退休人员一般都呆在家里,有时候去小区公共场所散步或运动,去小区商场买东西,晚上23点到早上6点间在社区活动不合理,模拟小区开始模拟时间是周一早上0点,所有居民都是睡觉状态,居民每天睡觉8小时左右,晚上23点到早上7点之间睡觉都合理,我们想在这个小区中模拟出正常人的行为,需要你对模拟人的状态行为打分,以保证模拟人会越来越接近正常人类,赵飞晓是一名正常27岁的模拟小区居民, 男性,他未婚, 受教育程度是本科, 目前是处于上班族阶段,今天是2024年2月的一天, 周一工作日, 北京时间0点0分, 他在家里睡觉,现在时间是0点10分,他在家里阅读,请回答他目前行为状态的合理程度,主要考虑时间、地点、行为以及历史行为,100为合理,0为不合理,50为不确定是否合理请结合上述让模拟趋近真实的意图,直接给出0、50、100数值就行,不要说其他任何话,不用说明理由
",,
70,"这是一个计算机模拟的小区及小区居民,居民只有6种地理位置状态:家、路上、工作地、学校、小区商场、小区公共场所,小区居民只有15种动作:睡觉、保持、休息娱乐、吃饭、散步、阅读、运动、工作、学习、购物、回家、去工作地、去学校、去小区商场、去小区公共场所,周一到周五是工作日,上班族都得去工作,工作时间一般在8点到18点之间,学生都得去上学,一般在7点到17点在学校学习,其他时间在工作地或者在学校都是不合理的,自由职业和退休人员一般都呆在家里,有时候去小区公共场所散步或运动,去小区商场买东西,晚上23点到早上6点间在社区活动不合理,模拟小区开始模拟时间是周一早上0点,所有居民都是睡觉状态,居民每天睡觉8小时左右,晚上23点到早上7点之间睡觉都合理,我们想在这个小区中模拟出正常人的行为,需要你对模拟人的状态行为打分,以保证模拟人会越来越接近正常人类,孙涛是一名正常85岁的模拟小区居民, 男性,他未婚, 受教育程度是本科, 目前是处于退休阶段,今天是2024年2月的一天, 周一工作日, 北京时间0点0分, 他在家里睡觉,在0点5分到0点10分, 他去小区公共场所,在0点10分到0点20分, 他在小区公共场所运动,现在时间是0点20分,他在小区公共场所运动,请回答他目前行为状态的合理程度,主要考虑时间、地点、行为以及历史行为,100为合理,0为不合理,50为不确定是否合理请结合上述让模拟趋近真实的意图,直接给出0、50、100数值就行,不要说其他任何话,不用说明理由
",,
71,"这是一个计算机模拟的小区及小区居民,居民只有6种地理位置状态:家、路上、工作地、学校、小区商场、小区公共场所,小区居民只有15种动作:睡觉、保持、休息娱乐、吃饭、散步、阅读、运动、工作、学习、购物、回家、去工作地、去学校、去小区商场、去小区公共场所,周一到周五是工作日,上班族都得去工作,工作时间一般在8点到18点之间,学生都得去上学,一般在7点到17点在学校学习,其他时间在工作地或者在学校都是不合理的,自由职业和退休人员一般都呆在家里,有时候去小区公共场所散步或运动,去小区商场买东西,晚上23点到早上6点间在社区活动不合理,模拟小区开始模拟时间是周一早上0点,所有居民都是睡觉状态,居民每天睡觉8小时左右,晚上23点到早上7点之间睡觉都合理,我们想在这个小区中模拟出正常人的行为,需要你对模拟人的状态行为打分,以保证模拟人会越来越接近正常人类,余燕是一名正常39岁的模拟小区居民, 女性,她已婚, 受教育程度是本科, 目前是处于上班族阶段,今天是2024年2月的一天, 周一工作日, 北京时间0点0分, 她在家里睡觉,现在时间是0点5分,她在家里睡觉,请回答她目前行为状态的合理程度,主要考虑时间、地点、行为以及历史行为,100为合理,0为不合理,50为不确定是否合理请结合上述让模拟趋近真实的意图,直接给出0、50、100数值就行,不要说其他任何话,不用说明理由
",,
72,"这是一个计算机模拟的小区及小区居民,居民只有6种地理位置状态:家、路上、工作地、学校、小区商场、小区公共场所,小区居民只有15种动作:睡觉、保持、休息娱乐、吃饭、散步、阅读、运动、工作、学习、购物、回家、去工作地、去学校、去小区商场、去小区公共场所,周一到周五是工作日,上班族都得去工作,工作时间一般在8点到18点之间,学生都得去上学,一般在7点到17点在学校学习,其他时间在工作地或者在学校都是不合理的,自由职业和退休人员一般都呆在家里,有时候去小区公共场所散步或运动,去小区商场买东西,晚上23点到早上6点间在社区活动不合理,模拟小区开始模拟时间是周一早上0点,所有居民都是睡觉状态,居民每天睡觉8小时左右,晚上23点到早上7点之间睡觉都合理,我们想在这个小区中模拟出正常人的行为,需要你对模拟人的状态行为打分,以保证模拟人会越来越接近正常人类,高雪静是一名正常32岁的模拟小区居民, 女性,她未婚, 受教育程度是本科, 目前是处于自由职业阶段,今天是2024年2月的一天, 周一工作日, 北京时间0点0分, 她在家里睡觉,在0点5分到0点10分, 她在到小区公共场所的路上,现在时间是0点10分,她去小区公共场所,请回答她目前行为状态的合理程度,主要考虑时间、地点、行为以及历史行为,100为合理,0为不合理,50为不确定是否合理请结合上述让模拟趋近真实的意图,直接给出0、50、100数值就行,不要说其他任何话,不用说明理由
",,
73,"这是一个计算机模拟的小区及小区居民,居民只有6种地理位置状态:家、路上、工作地、学校、小区商场、小区公共场所,小区居民只有15种动作:睡觉、保持、休息娱乐、吃饭、散步、阅读、运动、工作、学习、购物、回家、去工作地、去学校、去小区商场、去小区公共场所,周一到周五是工作日,上班族都得去工作,工作时间一般在8点到18点之间,学生都得去上学,一般在7点到17点在学校学习,其他时间在工作地或者在学校都是不合理的,自由职业和退休人员一般都呆在家里,有时候去小区公共场所散步或运动,去小区商场买东西,晚上23点到早上6点间在社区活动不合理,模拟小区开始模拟时间是周一早上0点,所有居民都是睡觉状态,居民每天睡觉8小时左右,晚上23点到早上7点之间睡觉都合理,我们想在这个小区中模拟出正常人的行为,需要你对模拟人的状态行为打分,以保证模拟人会越来越接近正常人类,周琴娟是一名正常54岁的模拟小区居民, 女性,她已婚, 受教育程度是大专, 目前是处于上班族阶段,今天是2024年2月的一天, 周一工作日, 北京时间0点0分, 她在家里睡觉,在0点15分到0点20分, 她在家里放松,在0点20分到0点25分, 她去小区公共场所,在0点25分到0点30分, 她在小区公共场所散步,现在时间是0点30分,她在小区公共场所运动,请回答她目前行为状态的合理程度,主要考虑时间、地点、行为以及历史行为,100为合理,0为不合理,50为不确定是否合理请结合上述让模拟趋近真实的意图,直接给出0、50、100数值就行,不要说其他任何话,不用说明理由
",,
74,"这是一个计算机模拟的小区及小区居民,居民只有6种地理位置状态:家、路上、工作地、学校、小区商场、小区公共场所,小区居民只有15种动作:睡觉、保持、休息娱乐、吃饭、散步、阅读、运动、工作、学习、购物、回家、去工作地、去学校、去小区商场、去小区公共场所,周一到周五是工作日,上班族都得去工作,工作时间一般在8点到18点之间,学生都得去上学,一般在7点到17点在学校学习,其他时间在工作地或者在学校都是不合理的,自由职业和退休人员一般都呆在家里,有时候去小区公共场所散步或运动,去小区商场买东西,晚上23点到早上6点间在社区活动不合理,模拟小区开始模拟时间是周一早上0点,所有居民都是睡觉状态,居民每天睡觉8小时左右,晚上23点到早上7点之间睡觉都合理,我们想在这个小区中模拟出正常人的行为,需要你对模拟人的状态行为打分,以保证模拟人会越来越接近正常人类,杜磊天是一名正常36岁的模拟小区居民, 男性,他未婚, 受教育程度是本科, 目前是处于上班族阶段,今天是2024年2月的一天, 周一工作日, 北京时间0点0分, 他在家里睡觉,在0点10分到0点20分, 他在家里阅读,在0点20分到0点25分, 他在家里睡觉,现在时间是0点25分,他在家里阅读,请回答他目前行为状态的合理程度,主要考虑时间、地点、行为以及历史行为,100为合理,0为不合理,50为不确定是否合理请结合上述让模拟趋近真实的意图,直接给出0、50、100数值就行,不要说其他任何话,不用说明理由
",,
75,"这是一个计算机模拟的小区及小区居民,居民只有6种地理位置状态:家、路上、工作地、学校、小区商场、小区公共场所,小区居民只有15种动作:睡觉、保持、休息娱乐、吃饭、散步、阅读、运动、工作、学习、购物、回家、去工作地、去学校、去小区商场、去小区公共场所,周一到周五是工作日,上班族都得去工作,工作时间一般在8点到18点之间,学生都得去上学,一般在7点到17点在学校学习,其他时间在工作地或者在学校都是不合理的,自由职业和退休人员一般都呆在家里,有时候去小区公共场所散步或运动,去小区商场买东西,晚上23点到早上6点间在社区活动不合理,模拟小区开始模拟时间是周一早上0点,所有居民都是睡觉状态,居民每天睡觉8小时左右,晚上23点到早上7点之间睡觉都合理,我们想在这个小区中模拟出正常人的行为,需要你对模拟人的状态行为打分,以保证模拟人会越来越接近正常人类,田琳是一名正常26岁的模拟小区居民, 女性,她已婚, 受教育程度是本科, 目前是处于自由职业阶段,今天是2024年2月的一天, 周一工作日, 北京时间0点0分, 她在家里睡觉,在0点5分到0点10分, 她在家里放松,现在时间是0点10分,她去小区公共场所,请回答她目前行为状态的合理程度,主要考虑时间、地点、行为以及历史行为,100为合理,0为不合理,50为不确定是否合理请结合上述让模拟趋近真实的意图,直接给出0、50、100数值就行,不要说其他任何话,不用说明理由
",,
76,"这是一个计算机模拟的小区及小区居民,居民只有6种地理位置状态:家、路上、工作地、学校、小区商场、小区公共场所,小区居民只有15种动作:睡觉、保持、休息娱乐、吃饭、散步、阅读、运动、工作、学习、购物、回家、去工作地、去学校、去小区商场、去小区公共场所,周一到周五是工作日,上班族都得去工作,工作时间一般在8点到18点之间,学生都得去上学,一般在7点到17点在学校学习,其他时间在工作地或者在学校都是不合理的,自由职业和退休人员一般都呆在家里,有时候去小区公共场所散步或运动,去小区商场买东西,晚上23点到早上6点间在社区活动不合理,模拟小区开始模拟时间是周一早上0点,所有居民都是睡觉状态,居民每天睡觉8小时左右,晚上23点到早上7点之间睡觉都合理,我们想在这个小区中模拟出正常人的行为,需要你对模拟人的状态行为打分,以保证模拟人会越来越接近正常人类,高琴玲是一名正常18岁的模拟小区居民, 女性,她未婚, 受教育程度是高中, 目前是处于大学生阶段,今天是2024年2月的一天, 周一工作日, 北京时间0点0分, 她在家里睡觉,现在时间是0点5分,她在家里睡觉,请回答她目前行为状态的合理程度,主要考虑时间、地点、行为以及历史行为,100为合理,0为不合理,50为不确定是否合理请结合上述让模拟趋近真实的意图,直接给出0、50、100数值就行,不要说其他任何话,不用说明理由
",,
77,"这是一个计算机模拟的小区及小区居民,居民只有6种地理位置状态:家、路上、工作地、学校、小区商场、小区公共场所,小区居民只有15种动作:睡觉、保持、休息娱乐、吃饭、散步、阅读、运动、工作、学习、购物、回家、去工作地、去学校、去小区商场、去小区公共场所,周一到周五是工作日,上班族都得去工作,工作时间一般在8点到18点之间,学生都得去上学,一般在7点到17点在学校学习,其他时间在工作地或者在学校都是不合理的,自由职业和退休人员一般都呆在家里,有时候去小区公共场所散步或运动,去小区商场买东西,晚上23点到早上6点间在社区活动不合理,模拟小区开始模拟时间是周一早上0点,所有居民都是睡觉状态,居民每天睡觉8小时左右,晚上23点到早上7点之间睡觉都合理,我们想在这个小区中模拟出正常人的行为,需要你对模拟人的状态行为打分,以保证模拟人会越来越接近正常人类,孙涛是一名正常85岁的模拟小区居民, 男性,他未婚, 受教育程度是本科, 目前是处于退休阶段,今天是2024年2月的一天, 周一工作日, 北京时间0点0分, 他在家里睡觉,在0点5分到0点10分, 他去小区公共场所,在0点10分到0点15分, 他在小区公共场所运动,现在时间是0点15分,他在小区公共场所运动,请回答他目前行为状态的合理程度,主要考虑时间、地点、行为以及历史行为,100为合理,0为不合理,50为不确定是否合理请结合上述让模拟趋近真实的意图,直接给出0、50、100数值就行,不要说其他任何话,不用说明理由
",,
78,"这是一个计算机模拟的小区及小区居民,居民只有6种地理位置状态:家、路上、工作地、学校、小区商场、小区公共场所,小区居民只有15种动作:睡觉、保持、休息娱乐、吃饭、散步、阅读、运动、工作、学习、购物、回家、去工作地、去学校、去小区商场、去小区公共场所,周一到周五是工作日,上班族都得去工作,工作时间一般在8点到18点之间,学生都得去上学,一般在7点到17点在学校学习,其他时间在工作地或者在学校都是不合理的,自由职业和退休人员一般都呆在家里,有时候去小区公共场所散步或运动,去小区商场买东西,晚上23点到早上6点间在社区活动不合理,模拟小区开始模拟时间是周一早上0点,所有居民都是睡觉状态,居民每天睡觉8小时左右,晚上23点到早上7点之间睡觉都合理,我们想在这个小区中模拟出正常人的行为,需要你对模拟人的状态行为打分,以保证模拟人会越来越接近正常人类,韩健晓是一名正常19岁的模拟小区居民, 男性,他未婚, 受教育程度是初中, 目前是处于自由职业阶段,今天是2024年2月的一天, 周一工作日, 北京时间0点0分, 他在家里睡觉,现在时间是0点10分,他在到小区商场的路上,请回答他目前行为状态的合理程度,主要考虑时间、地点、行为以及历史行为,100为合理,0为不合理,50为不确定是否合理请结合上述让模拟趋近真实的意图,直接给出0、50、100数值就行,不要说其他任何话,不用说明理由
",,
79,"这是一个计算机模拟的小区及小区居民,居民只有6种地理位置状态:家、路上、工作地、学校、小区商场、小区公共场所,小区居民只有15种动作:睡觉、保持、休息娱乐、吃饭、散步、阅读、运动、工作、学习、购物、回家、去工作地、去学校、去小区商场、去小区公共场所,周一到周五是工作日,上班族都得去工作,工作时间一般在8点到18点之间,学生都得去上学,一般在7点到17点在学校学习,其他时间在工作地或者在学校都是不合理的,自由职业和退休人员一般都呆在家里,有时候去小区公共场所散步或运动,去小区商场买东西,晚上23点到早上6点间在社区活动不合理,模拟小区开始模拟时间是周一早上0点,所有居民都是睡觉状态,居民每天睡觉8小时左右,晚上23点到早上7点之间睡觉都合理,我们想在这个小区中模拟出正常人的行为,需要你对模拟人的状态行为打分,以保证模拟人会越来越接近正常人类,潘霞萍是一名正常27岁的模拟小区居民, 女性,她已婚, 受教育程度是本科, 目前是处于大学生阶段,今天是2024年2月的一天, 周一工作日, 北京时间0点0分, 她在家里睡觉,现在时间是0点5分,她去小区公共场所,请回答她目前行为状态的合理程度,主要考虑时间、地点、行为以及历史行为,100为合理,0为不合理,50为不确定是否合理请结合上述让模拟趋近真实的意图,直接给出0、50、100数值就行,不要说其他任何话,不用说明理由
",,
80,"这是一个计算机模拟的小区及小区居民,居民只有6种地理位置状态:家、路上、工作地、学校、小区商场、小区公共场所,小区居民只有15种动作:睡觉、保持、休息娱乐、吃饭、散步、阅读、运动、工作、学习、购物、回家、去工作地、去学校、去小区商场、去小区公共场所,周一到周五是工作日,上班族都得去工作,工作时间一般在8点到18点之间,学生都得去上学,一般在7点到17点在学校学习,其他时间在工作地或者在学校都是不合理的,自由职业和退休人员一般都呆在家里,有时候去小区公共场所散步或运动,去小区商场买东西,晚上23点到早上6点间在社区活动不合理,模拟小区开始模拟时间是周一早上0点,所有居民都是睡觉状态,居民每天睡觉8小时左右,晚上23点到早上7点之间睡觉都合理,我们想在这个小区中模拟出正常人的行为,需要你对模拟人的状态行为打分,以保证模拟人会越来越接近正常人类,郭骏文是一名正常21岁的模拟小区居民, 男性,他未婚, 受教育程度是大专, 目前是处于上班族阶段,今天是2024年2月的一天, 周一工作日, 北京时间0点0分, 他在家里睡觉,在0点5分到0点10分, 他在家里吃饭,在0点10分到0点15分, 他在家里放松,在0点15分到0点20分, 他在家里阅读,在0点20分到0点25分, 他在家里放松,在0点25分到0点30分, 他在到工作地的路上,现在时间是0点30分,他去工作地,请回答他目前行为状态的合理程度,主要考虑时间、地点、行为以及历史行为,100为合理,0为不合理,50为不确定是否合理请结合上述让模拟趋近真实的意图,直接给出0、50、100数值就行,不要说其他任何话,不用说明理由
",,
81,"这是一个计算机模拟的小区及小区居民,居民只有6种地理位置状态:家、路上、工作地、学校、小区商场、小区公共场所,小区居民只有15种动作:睡觉、保持、休息娱乐、吃饭、散步、阅读、运动、工作、学习、购物、回家、去工作地、去学校、去小区商场、去小区公共场所,周一到周五是工作日,上班族都得去工作,工作时间一般在8点到18点之间,学生都得去上学,一般在7点到17点在学校学习,其他时间在工作地或者在学校都是不合理的,自由职业和退休人员一般都呆在家里,有时候去小区公共场所散步或运动,去小区商场买东西,晚上23点到早上6点间在社区活动不合理,模拟小区开始模拟时间是周一早上0点,所有居民都是睡觉状态,居民每天睡觉8小时左右,晚上23点到早上7点之间睡觉都合理,我们想在这个小区中模拟出正常人的行为,需要你对模拟人的状态行为打分,以保证模拟人会越来越接近正常人类,谢涵是一名正常36岁的模拟小区居民, 男性,他已婚, 受教育程度是大专, 目前是处于上班族阶段,今天是2024年2月的一天, 周一工作日, 北京时间0点0分, 他在家里睡觉,现在时间是0点5分,他在家里睡觉,请回答他目前行为状态的合理程度,主要考虑时间、地点、行为以及历史行为,100为合理,0为不合理,50为不确定是否合理请结合上述让模拟趋近真实的意图,直接给出0、50、100数值就行,不要说其他任何话,不用说明理由
",,
82,"这是一个计算机模拟的小区及小区居民,居民只有6种地理位置状态:家、路上、工作地、学校、小区商场、小区公共场所,小区居民只有15种动作:睡觉、保持、休息娱乐、吃饭、散步、阅读、运动、工作、学习、购物、回家、去工作地、去学校、去小区商场、去小区公共场所,周一到周五是工作日,上班族都得去工作,工作时间一般在8点到18点之间,学生都得去上学,一般在7点到17点在学校学习,其他时间在工作地或者在学校都是不合理的,自由职业和退休人员一般都呆在家里,有时候去小区公共场所散步或运动,去小区商场买东西,晚上23点到早上6点间在社区活动不合理,模拟小区开始模拟时间是周一早上0点,所有居民都是睡觉状态,居民每天睡觉8小时左右,晚上23点到早上7点之间睡觉都合理,我们想在这个小区中模拟出正常人的行为,需要你对模拟人的状态行为打分,以保证模拟人会越来越接近正常人类,张媛是一名正常20岁的模拟小区居民, 女性,她未婚, 受教育程度是初中, 目前是处于上班族阶段,今天是2024年2月的一天, 周一工作日, 北京时间0点0分, 她在家里睡觉,在0点5分到0点10分, 她在家里吃饭,现在时间是0点10分,她在到小区公共场所的路上,请回答她目前行为状态的合理程度,主要考虑时间、地点、行为以及历史行为,100为合理,0为不合理,50为不确定是否合理请结合上述让模拟趋近真实的意图,直接给出0、50、100数值就行,不要说其他任何话,不用说明理由
",,
83,"这是一个计算机模拟的小区及小区居民,居民只有6种地理位置状态:家、路上、工作地、学校、小区商场、小区公共场所,小区居民只有15种动作:睡觉、保持、休息娱乐、吃饭、散步、阅读、运动、工作、学习、购物、回家、去工作地、去学校、去小区商场、去小区公共场所,周一到周五是工作日,上班族都得去工作,工作时间一般在8点到18点之间,学生都得去上学,一般在7点到17点在学校学习,其他时间在工作地或者在学校都是不合理的,自由职业和退休人员一般都呆在家里,有时候去小区公共场所散步或运动,去小区商场买东西,晚上23点到早上6点间在社区活动不合理,模拟小区开始模拟时间是周一早上0点,所有居民都是睡觉状态,居民每天睡觉8小时左右,晚上23点到早上7点之间睡觉都合理,我们想在这个小区中模拟出正常人的行为,需要你对模拟人的状态行为打分,以保证模拟人会越来越接近正常人类,程珺婷是一名正常38岁的模拟小区居民, 女性,她已婚, 受教育程度是本科, 目前是处于上班族阶段,今天是2024年2月的一天, 周一工作日, 北京时间0点0分, 她在家里睡觉,在0点5分到0点10分, 她在家里吃饭,在0点10分到0点20分, 她在到工作地的路上,现在时间是0点20分,她在到小区公共场所的路上,请回答她目前行为状态的合理程度,主要考虑时间、地点、行为以及历史行为,100为合理,0为不合理,50为不确定是否合理请结合上述让模拟趋近真实的意图,直接给出0、50、100数值就行,不要说其他任何话,不用说明理由
",,
84,"这是一个计算机模拟的小区及小区居民,居民只有6种地理位置状态:家、路上、工作地、学校、小区商场、小区公共场所,小区居民只有15种动作:睡觉、保持、休息娱乐、吃饭、散步、阅读、运动、工作、学习、购物、回家、去工作地、去学校、去小区商场、去小区公共场所,周一到周五是工作日,上班族都得去工作,工作时间一般在8点到18点之间,学生都得去上学,一般在7点到17点在学校学习,其他时间在工作地或者在学校都是不合理的,自由职业和退休人员一般都呆在家里,有时候去小区公共场所散步或运动,去小区商场买东西,晚上23点到早上6点间在社区活动不合理,模拟小区开始模拟时间是周一早上0点,所有居民都是睡觉状态,居民每天睡觉8小时左右,晚上23点到早上7点之间睡觉都合理,我们想在这个小区中模拟出正常人的行为,需要你对模拟人的状态行为打分,以保证模拟人会越来越接近正常人类,胡钊强是一名正常19岁的模拟小区居民, 男性,他未婚, 受教育程度是初中, 目前是处于上班族阶段,今天是2024年2月的一天, 周一工作日, 北京时间0点0分, 他在家里睡觉,现在时间是0点5分,他在到工作地的路上,请回答他目前行为状态的合理程度,主要考虑时间、地点、行为以及历史行为,100为合理,0为不合理,50为不确定是否合理请结合上述让模拟趋近真实的意图,直接给出0、50、100数值就行,不要说其他任何话,不用说明理由
",,
85,"这是一个计算机模拟的小区及小区居民,居民只有6种地理位置状态:家、路上、工作地、学校、小区商场、小区公共场所,小区居民只有15种动作:睡觉、保持、休息娱乐、吃饭、散步、阅读、运动、工作、学习、购物、回家、去工作地、去学校、去小区商场、去小区公共场所,周一到周五是工作日,上班族都得去工作,工作时间一般在8点到18点之间,学生都得去上学,一般在7点到17点在学校学习,其他时间在工作地或者在学校都是不合理的,自由职业和退休人员一般都呆在家里,有时候去小区公共场所散步或运动,去小区商场买东西,晚上23点到早上6点间在社区活动不合理,模拟小区开始模拟时间是周一早上0点,所有居民都是睡觉状态,居民每天睡觉8小时左右,晚上23点到早上7点之间睡觉都合理,我们想在这个小区中模拟出正常人的行为,需要你对模拟人的状态行为打分,以保证模拟人会越来越接近正常人类,李波是一名正常20岁的模拟小区居民, 男性,他未婚, 受教育程度是初中, 目前是处于自由职业阶段,今天是2024年2月的一天, 周一工作日, 北京时间0点0分, 他在家里睡觉,在0点5分到0点15分, 他在家里吃饭,在0点15分到0点25分, 他在到小区公共场所的路上,现在时间是0点25分,他去小区公共场所,请回答他目前行为状态的合理程度,主要考虑时间、地点、行为以及历史行为,100为合理,0为不合理,50为不确定是否合理请结合上述让模拟趋近真实的意图,直接给出0、50、100数值就行,不要说其他任何话,不用说明理由
",,
86,"这是一个计算机模拟的小区及小区居民,居民只有6种地理位置状态:家、路上、工作地、学校、小区商场、小区公共场所,小区居民只有15种动作:睡觉、保持、休息娱乐、吃饭、散步、阅读、运动、工作、学习、购物、回家、去工作地、去学校、去小区商场、去小区公共场所,周一到周五是工作日,上班族都得去工作,工作时间一般在8点到18点之间,学生都得去上学,一般在7点到17点在学校学习,其他时间在工作地或者在学校都是不合理的,自由职业和退休人员一般都呆在家里,有时候去小区公共场所散步或运动,去小区商场买东西,晚上23点到早上6点间在社区活动不合理,模拟小区开始模拟时间是周一早上0点,所有居民都是睡觉状态,居民每天睡觉8小时左右,晚上23点到早上7点之间睡觉都合理,我们想在这个小区中模拟出正常人的行为,需要你对模拟人的状态行为打分,以保证模拟人会越来越接近正常人类,杨军是一名正常54岁的模拟小区居民, 男性,他未婚, 受教育程度是本科, 目前是处于上班族阶段,今天是2024年2月的一天, 周一工作日, 北京时间0点0分, 他在家里睡觉,在0点10分到0点20分, 他在家里吃饭,在0点20分到0点30分, 他在家里睡觉,现在时间是0点30分,他在家里放松,请回答他目前行为状态的合理程度,主要考虑时间、地点、行为以及历史行为,100为合理,0为不合理,50为不确定是否合理请结合上述让模拟趋近真实的意图,直接给出0、50、100数值就行,不要说其他任何话,不用说明理由
",,
87,"这是一个计算机模拟的小区及小区居民,居民只有6种地理位置状态:家、路上、工作地、学校、小区商场、小区公共场所,小区居民只有15种动作:睡觉、保持、休息娱乐、吃饭、散步、阅读、运动、工作、学习、购物、回家、去工作地、去学校、去小区商场、去小区公共场所,周一到周五是工作日,上班族都得去工作,工作时间一般在8点到18点之间,学生都得去上学,一般在7点到17点在学校学习,其他时间在工作地或者在学校都是不合理的,自由职业和退休人员一般都呆在家里,有时候去小区公共场所散步或运动,去小区商场买东西,晚上23点到早上6点间在社区活动不合理,模拟小区开始模拟时间是周一早上0点,所有居民都是睡觉状态,居民每天睡觉8小时左右,晚上23点到早上7点之间睡觉都合理,我们想在这个小区中模拟出正常人的行为,需要你对模拟人的状态行为打分,以保证模拟人会越来越接近正常人类,叶芳燕是一名正常38岁的模拟小区居民, 女性,她未婚, 受教育程度是本科, 目前是处于自由职业阶段,今天是2024年2月的一天, 周一工作日, 北京时间0点0分, 她在家里睡觉,在0点5分到0点10分, 她在家里吃饭,在0点10分到0点15分, 她在家里放松,在0点15分到0点20分, 她在到小区商场的路上,现在时间是0点20分,她去小区商场,请回答她目前行为状态的合理程度,主要考虑时间、地点、行为以及历史行为,100为合理,0为不合理,50为不确定是否合理请结合上述让模拟趋近真实的意图,直接给出0、50、100数值就行,不要说其他任何话,不用说明理由
",,
88,"这是一个计算机模拟的小区及小区居民,居民只有6种地理位置状态:家、路上、工作地、学校、小区商场、小区公共场所,小区居民只有15种动作:睡觉、保持、休息娱乐、吃饭、散步、阅读、运动、工作、学习、购物、回家、去工作地、去学校、去小区商场、去小区公共场所,周一到周五是工作日,上班族都得去工作,工作时间一般在8点到18点之间,学生都得去上学,一般在7点到17点在学校学习,其他时间在工作地或者在学校都是不合理的,自由职业和退休人员一般都呆在家里,有时候去小区公共场所散步或运动,去小区商场买东西,晚上23点到早上6点间在社区活动不合理,模拟小区开始模拟时间是周一早上0点,所有居民都是睡觉状态,居民每天睡觉8小时左右,晚上23点到早上7点之间睡觉都合理,我们想在这个小区中模拟出正常人的行为,需要你对模拟人的状态行为打分,以保证模拟人会越来越接近正常人类,田光是一名正常25岁的模拟小区居民, 男性,他未婚, 受教育程度是本科, 目前是处于自由职业阶段,今天是2024年2月的一天, 周一工作日, 北京时间0点0分, 他在家里睡觉,在0点5分到0点20分, 他在到小区商场的路上,现在时间是0点20分,他去小区商场,请回答他目前行为状态的合理程度,主要考虑时间、地点、行为以及历史行为,100为合理,0为不合理,50为不确定是否合理请结合上述让模拟趋近真实的意图,直接给出0、50、100数值就行,不要说其他任何话,不用说明理由
",,
89,"这是一个计算机模拟的小区及小区居民,居民只有6种地理位置状态:家、路上、工作地、学校、小区商场、小区公共场所,小区居民只有15种动作:睡觉、保持、休息娱乐、吃饭、散步、阅读、运动、工作、学习、购物、回家、去工作地、去学校、去小区商场、去小区公共场所,周一到周五是工作日,上班族都得去工作,工作时间一般在8点到18点之间,学生都得去上学,一般在7点到17点在学校学习,其他时间在工作地或者在学校都是不合理的,自由职业和退休人员一般都呆在家里,有时候去小区公共场所散步或运动,去小区商场买东西,晚上23点到早上6点间在社区活动不合理,模拟小区开始模拟时间是周一早上0点,所有居民都是睡觉状态,居民每天睡觉8小时左右,晚上23点到早上7点之间睡觉都合理,我们想在这个小区中模拟出正常人的行为,需要你对模拟人的状态行为打分,以保证模拟人会越来越接近正常人类,田琳是一名正常26岁的模拟小区居民, 女性,她已婚, 受教育程度是本科, 目前是处于自由职业阶段,今天是2024年2月的一天, 周一工作日, 北京时间0点0分, 她在家里睡觉,在0点5分到0点10分, 她在家里放松,在0点10分到0点15分, 她去小区公共场所,在0点15分到0点20分, 她去小区商场,在0点20分到0点25分, 她在小区商场购物,在0点25分到0点30分, 她去小区公共场所,现在时间是0点30分,她在小区公共场所散步,请回答她目前行为状态的合理程度,主要考虑时间、地点、行为以及历史行为,100为合理,0为不合理,50为不确定是否合理请结合上述让模拟趋近真实的意图,直接给出0、50、100数值就行,不要说其他任何话,不用说明理由
",,
90,"这是一个计算机模拟的小区及小区居民,居民只有6种地理位置状态:家、路上、工作地、学校、小区商场、小区公共场所,小区居民只有15种动作:睡觉、保持、休息娱乐、吃饭、散步、阅读、运动、工作、学习、购物、回家、去工作地、去学校、去小区商场、去小区公共场所,周一到周五是工作日,上班族都得去工作,工作时间一般在8点到18点之间,学生都得去上学,一般在7点到17点在学校学习,其他时间在工作地或者在学校都是不合理的,自由职业和退休人员一般都呆在家里,有时候去小区公共场所散步或运动,去小区商场买东西,晚上23点到早上6点间在社区活动不合理,模拟小区开始模拟时间是周一早上0点,所有居民都是睡觉状态,居民每天睡觉8小时左右,晚上23点到早上7点之间睡觉都合理,我们想在这个小区中模拟出正常人的行为,需要你对模拟人的状态行为打分,以保证模拟人会越来越接近正常人类,袁泽武是一名正常47岁的模拟小区居民, 男性,他已婚, 受教育程度是本科, 目前是处于上班族阶段,今天是2024年2月的一天, 周一工作日, 北京时间0点0分, 他在家里睡觉,在0点5分到0点10分, 他去工作地,在0点10分到0点15分, 他回家,现在时间是0点15分,他在家里阅读,请回答他目前行为状态的合理程度,主要考虑时间、地点、行为以及历史行为,100为合理,0为不合理,50为不确定是否合理请结合上述让模拟趋近真实的意图,直接给出0、50、100数值就行,不要说其他任何话,不用说明理由
",,
91,"这是一个计算机模拟的小区及小区居民,居民只有6种地理位置状态:家、路上、工作地、学校、小区商场、小区公共场所,小区居民只有15种动作:睡觉、保持、休息娱乐、吃饭、散步、阅读、运动、工作、学习、购物、回家、去工作地、去学校、去小区商场、去小区公共场所,周一到周五是工作日,上班族都得去工作,工作时间一般在8点到18点之间,学生都得去上学,一般在7点到17点在学校学习,其他时间在工作地或者在学校都是不合理的,自由职业和退休人员一般都呆在家里,有时候去小区公共场所散步或运动,去小区商场买东西,晚上23点到早上6点间在社区活动不合理,模拟小区开始模拟时间是周一早上0点,所有居民都是睡觉状态,居民每天睡觉8小时左右,晚上23点到早上7点之间睡觉都合理,我们想在这个小区中模拟出正常人的行为,需要你对模拟人的状态行为打分,以保证模拟人会越来越接近正常人类,唐萍是一名正常23岁的模拟小区居民, 女性,她未婚, 受教育程度是本科, 目前是处于自由职业阶段,今天是2024年2月的一天, 周一工作日, 北京时间0点0分, 她在家里睡觉,现在时间是0点15分,她去小区公共场所,请回答她目前行为状态的合理程度,主要考虑时间、地点、行为以及历史行为,100为合理,0为不合理,50为不确定是否合理请结合上述让模拟趋近真实的意图,直接给出0、50、100数值就行,不要说其他任何话,不用说明理由
",,
92,"这是一个计算机模拟的小区及小区居民,居民只有6种地理位置状态:家、路上、工作地、学校、小区商场、小区公共场所,小区居民只有15种动作:睡觉、保持、休息娱乐、吃饭、散步、阅读、运动、工作、学习、购物、回家、去工作地、去学校、去小区商场、去小区公共场所,周一到周五是工作日,上班族都得去工作,工作时间一般在8点到18点之间,学生都得去上学,一般在7点到17点在学校学习,其他时间在工作地或者在学校都是不合理的,自由职业和退休人员一般都呆在家里,有时候去小区公共场所散步或运动,去小区商场买东西,晚上23点到早上6点间在社区活动不合理,模拟小区开始模拟时间是周一早上0点,所有居民都是睡觉状态,居民每天睡觉8小时左右,晚上23点到早上7点之间睡觉都合理,我们想在这个小区中模拟出正常人的行为,需要你对模拟人的状态行为打分,以保证模拟人会越来越接近正常人类,余志是一名正常48岁的模拟小区居民, 男性,他未婚, 受教育程度是本科, 目前是处于上班族阶段,今天是2024年2月的一天, 周一工作日, 北京时间0点0分, 他在家里睡觉,在0点5分到0点10分, 他去小区公共场所,在0点10分到0点15分, 他在小区公共场所运动,现在时间是0点15分,他回家,请回答他目前行为状态的合理程度,主要考虑时间、地点、行为以及历史行为,100为合理,0为不合理,50为不确定是否合理请结合上述让模拟趋近真实的意图,直接给出0、50、100数值就行,不要说其他任何话,不用说明理由
",,
93,"这是一个计算机模拟的小区及小区居民,居民只有6种地理位置状态:家、路上、工作地、学校、小区商场、小区公共场所,小区居民只有15种动作:睡觉、保持、休息娱乐、吃饭、散步、阅读、运动、工作、学习、购物、回家、去工作地、去学校、去小区商场、去小区公共场所,周一到周五是工作日,上班族都得去工作,工作时间一般在8点到18点之间,学生都得去上学,一般在7点到17点在学校学习,其他时间在工作地或者在学校都是不合理的,自由职业和退休人员一般都呆在家里,有时候去小区公共场所散步或运动,去小区商场买东西,晚上23点到早上6点间在社区活动不合理,模拟小区开始模拟时间是周一早上0点,所有居民都是睡觉状态,居民每天睡觉8小时左右,晚上23点到早上7点之间睡觉都合理,我们想在这个小区中模拟出正常人的行为,需要你对模拟人的状态行为打分,以保证模拟人会越来越接近正常人类,周敏红是一名正常37岁的模拟小区居民, 女性,她未婚, 受教育程度是小学及以下, 目前是处于自由职业阶段,今天是2024年2月的一天, 周一工作日, 北京时间0点0分, 她在家里睡觉,在0点5分到0点10分, 她在家里放松,在0点10分到0点15分, 她在家里阅读,现在时间是0点15分,她在家里阅读,请回答她目前行为状态的合理程度,主要考虑时间、地点、行为以及历史行为,100为合理,0为不合理,50为不确定是否合理请结合上述让模拟趋近真实的意图,直接给出0、50、100数值就行,不要说其他任何话,不用说明理由
",,
94,"这是一个计算机模拟的小区及小区居民,居民只有6种地理位置状态:家、路上、工作地、学校、小区商场、小区公共场所,小区居民只有15种动作:睡觉、保持、休息娱乐、吃饭、散步、阅读、运动、工作、学习、购物、回家、去工作地、去学校、去小区商场、去小区公共场所,周一到周五是工作日,上班族都得去工作,工作时间一般在8点到18点之间,学生都得去上学,一般在7点到17点在学校学习,其他时间在工作地或者在学校都是不合理的,自由职业和退休人员一般都呆在家里,有时候去小区公共场所散步或运动,去小区商场买东西,晚上23点到早上6点间在社区活动不合理,模拟小区开始模拟时间是周一早上0点,所有居民都是睡觉状态,居民每天睡觉8小时左右,晚上23点到早上7点之间睡觉都合理,我们想在这个小区中模拟出正常人的行为,需要你对模拟人的状态行为打分,以保证模拟人会越来越接近正常人类,彭航是一名正常58岁的模拟小区居民, 男性,他已婚, 受教育程度是本科, 目前是处于上班族阶段,今天是2024年2月的一天, 周一工作日, 北京时间0点0分, 他在家里睡觉,在0点5分到0点15分, 他在家里吃饭,在0点15分到0点20分, 他在家里阅读,现在时间是0点20分,他在家里吃饭,请回答他目前行为状态的合理程度,主要考虑时间、地点、行为以及历史行为,100为合理,0为不合理,50为不确定是否合理请结合上述让模拟趋近真实的意图,直接给出0、50、100数值就行,不要说其他任何话,不用说明理由
",,
95,"这是一个计算机模拟的小区及小区居民,居民只有6种地理位置状态:家、路上、工作地、学校、小区商场、小区公共场所,小区居民只有15种动作:睡觉、保持、休息娱乐、吃饭、散步、阅读、运动、工作、学习、购物、回家、去工作地、去学校、去小区商场、去小区公共场所,周一到周五是工作日,上班族都得去工作,工作时间一般在8点到18点之间,学生都得去上学,一般在7点到17点在学校学习,其他时间在工作地或者在学校都是不合理的,自由职业和退休人员一般都呆在家里,有时候去小区公共场所散步或运动,去小区商场买东西,晚上23点到早上6点间在社区活动不合理,模拟小区开始模拟时间是周一早上0点,所有居民都是睡觉状态,居民每天睡觉8小时左右,晚上23点到早上7点之间睡觉都合理,我们想在这个小区中模拟出正常人的行为,需要你对模拟人的状态行为打分,以保证模拟人会越来越接近正常人类,杨钊涵是一名正常18岁的模拟小区居民, 男性,他未婚, 受教育程度是高中, 目前是处于大学生阶段,今天是2024年2月的一天, 周一工作日, 北京时间0点0分, 他在家里睡觉,在0点5分到0点10分, 他去学校,在0点10分到0点25分, 他在到小区公共场所的路上,在0点25分到0点30分, 他在小区公共场所散步,现在时间是0点30分,他在小区公共场所运动,请回答他目前行为状态的合理程度,主要考虑时间、地点、行为以及历史行为,100为合理,0为不合理,50为不确定是否合理请结合上述让模拟趋近真实的意图,直接给出0、50、100数值就行,不要说其他任何话,不用说明理由
",,
96,"这是一个计算机模拟的小区及小区居民,居民只有6种地理位置状态:家、路上、工作地、学校、小区商场、小区公共场所,小区居民只有15种动作:睡觉、保持、休息娱乐、吃饭、散步、阅读、运动、工作、学习、购物、回家、去工作地、去学校、去小区商场、去小区公共场所,周一到周五是工作日,上班族都得去工作,工作时间一般在8点到18点之间,学生都得去上学,一般在7点到17点在学校学习,其他时间在工作地或者在学校都是不合理的,自由职业和退休人员一般都呆在家里,有时候去小区公共场所散步或运动,去小区商场买东西,晚上23点到早上6点间在社区活动不合理,模拟小区开始模拟时间是周一早上0点,所有居民都是睡觉状态,居民每天睡觉8小时左右,晚上23点到早上7点之间睡觉都合理,我们想在这个小区中模拟出正常人的行为,需要你对模拟人的状态行为打分,以保证模拟人会越来越接近正常人类,杜峰超是一名正常56岁的模拟小区居民, 男性,他未婚, 受教育程度是硕士, 目前是处于自由职业阶段,今天是2024年2月的一天, 周一工作日, 北京时间0点0分, 他在家里睡觉,在0点10分到0点15分, 他去小区公共场所,在0点15分到0点20分, 他回家,在0点20分到0点25分, 他在家里放松,现在时间是0点25分,他在家里放松,请回答他目前行为状态的合理程度,主要考虑时间、地点、行为以及历史行为,100为合理,0为不合理,50为不确定是否合理请结合上述让模拟趋近真实的意图,直接给出0、50、100数值就行,不要说其他任何话,不用说明理由
",,
97,"这是一个计算机模拟的小区及小区居民,居民只有6种地理位置状态:家、路上、工作地、学校、小区商场、小区公共场所,小区居民只有15种动作:睡觉、保持、休息娱乐、吃饭、散步、阅读、运动、工作、学习、购物、回家、去工作地、去学校、去小区商场、去小区公共场所,周一到周五是工作日,上班族都得去工作,工作时间一般在8点到18点之间,学生都得去上学,一般在7点到17点在学校学习,其他时间在工作地或者在学校都是不合理的,自由职业和退休人员一般都呆在家里,有时候去小区公共场所散步或运动,去小区商场买东西,晚上23点到早上6点间在社区活动不合理,模拟小区开始模拟时间是周一早上0点,所有居民都是睡觉状态,居民每天睡觉8小时左右,晚上23点到早上7点之间睡觉都合理,我们想在这个小区中模拟出正常人的行为,需要你对模拟人的状态行为打分,以保证模拟人会越来越接近正常人类,杨钊涵是一名正常18岁的模拟小区居民, 男性,他未婚, 受教育程度是高中, 目前是处于大学生阶段,今天是2024年2月的一天, 周一工作日, 北京时间0点0分, 他在家里睡觉,在0点5分到0点10分, 他去学校,现在时间是0点10分,他在到小区公共场所的路上,请回答他目前行为状态的合理程度,主要考虑时间、地点、行为以及历史行为,100为合理,0为不合理,50为不确定是否合理请结合上述让模拟趋近真实的意图,直接给出0、50、100数值就行,不要说其他任何话,不用说明理由
",,
98,"这是一个计算机模拟的小区及小区居民,居民只有6种地理位置状态:家、路上、工作地、学校、小区商场、小区公共场所,小区居民只有15种动作:睡觉、保持、休息娱乐、吃饭、散步、阅读、运动、工作、学习、购物、回家、去工作地、去学校、去小区商场、去小区公共场所,周一到周五是工作日,上班族都得去工作,工作时间一般在8点到18点之间,学生都得去上学,一般在7点到17点在学校学习,其他时间在工作地或者在学校都是不合理的,自由职业和退休人员一般都呆在家里,有时候去小区公共场所散步或运动,去小区商场买东西,晚上23点到早上6点间在社区活动不合理,模拟小区开始模拟时间是周一早上0点,所有居民都是睡觉状态,居民每天睡觉8小时左右,晚上23点到早上7点之间睡觉都合理,我们想在这个小区中模拟出正常人的行为,需要你对模拟人的状态行为打分,以保证模拟人会越来越接近正常人类,宋明是一名正常20岁的模拟小区居民, 男性,他未婚, 受教育程度是初中, 目前是处于上班族阶段,今天是2024年2月的一天, 周一工作日, 北京时间0点0分, 他在家里睡觉,在0点5分到0点15分, 他在家里阅读,现在时间是0点15分,他在家里吃饭,请回答他目前行为状态的合理程度,主要考虑时间、地点、行为以及历史行为,100为合理,0为不合理,50为不确定是否合理请结合上述让模拟趋近真实的意图,直接给出0、50、100数值就行,不要说其他任何话,不用说明理由
",,
99,"这是一个计算机模拟的小区及小区居民,居民只有6种地理位置状态:家、路上、工作地、学校、小区商场、小区公共场所,小区居民只有15种动作:睡觉、保持、休息娱乐、吃饭、散步、阅读、运动、工作、学习、购物、回家、去工作地、去学校、去小区商场、去小区公共场所,周一到周五是工作日,上班族都得去工作,工作时间一般在8点到18点之间,学生都得去上学,一般在7点到17点在学校学习,其他时间在工作地或者在学校都是不合理的,自由职业和退休人员一般都呆在家里,有时候去小区公共场所散步或运动,去小区商场买东西,晚上23点到早上6点间在社区活动不合理,模拟小区开始模拟时间是周一早上0点,所有居民都是睡觉状态,居民每天睡觉8小时左右,晚上23点到早上7点之间睡觉都合理,我们想在这个小区中模拟出正常人的行为,需要你对模拟人的状态行为打分,以保证模拟人会越来越接近正常人类,曾纯是一名正常28岁的模拟小区居民, 女性,她已婚, 受教育程度是硕士, 目前是处于自由职业阶段,今天是2024年2月的一天, 周一工作日, 北京时间0点0分, 她在家里睡觉,在0点5分到0点10分, 她在到小区公共场所的路上,现在时间是0点10分,她去小区公共场所,请回答她目前行为状态的合理程度,主要考虑时间、地点、行为以及历史行为,100为合理,0为不合理,50为不确定是否合理请结合上述让模拟趋近真实的意图,直接给出0、50、100数值就行,不要说其他任何话,不用说明理由
",,
